"SKU","Name","ArteVenue Category","Price(Excluding tax)","Tax(in amt)","Length","Width","Quantity","Description","Image URL","Additional Information","Image Thumbnail URL"
"5072","Bel Air 1","Abstract","1840.00","197.00","18.00","18.00","1","","C:\artevenue\estore/artevenue//static/homelane_data/images/49_1AU4572_lowres.jpg","Print on PAPER; Image Print Size : 12 X 12; Frame: Simple Black (1.22inch); Mount: 2.00, Color: OFFWHITE; Total Size: 18.00 X 18.00; Acrylic covered; ","C:\artevenue\estore/artevenue//static/homelane_data/images/49_1AU4572_thumb.jpg"
"5071","Circle Carnival II","Abstract","7050.00","755.00","29.00","29.00","1","","C:\artevenue\estore/artevenue//static/homelane_data/images/49_1AK1300_lowres.jpg","Print on PAPER; Image Print Size : 24 X 24; Frame: Dark Wood (1.80inch); Mount: 1.00, Color: OFFWHITE; Total Size: 29.00 X 29.00; Acrylic covered; ","C:\artevenue\estore/artevenue//static/homelane_data/images/49_1AK1300_thumb.jpg"
"5069","Untitled, 1916","Abstract","7050.00","755.00","29.00","29.00","1","","C:\artevenue\estore/artevenue//static/homelane_data/images/49_1AA4636_lowres.jpg","Print on PAPER; Image Print Size : 24 X 24; Frame: Dark Wood (1.80inch); Mount: 1.00, Color: OFFWHITE; Total Size: 29.00 X 29.00; Acrylic covered; ","C:\artevenue\estore/artevenue//static/homelane_data/images/49_1AA4636_thumb.jpg"
"5070","Circle Carnival I","Abstract","1840.00","197.00","18.00","18.00","1","","C:\artevenue\estore/artevenue//static/homelane_data/images/49_1AK1299_lowres.jpg","Print on PAPER; Image Print Size : 12 X 12; Frame: Simple Black (1.22inch); Mount: 2.00, Color: OFFWHITE; Total Size: 18.00 X 18.00; Acrylic covered; ","C:\artevenue\estore/artevenue//static/homelane_data/images/49_1AK1299_thumb.jpg"
"5073","Bel Air 2","Abstract","7050.00","755.00","29.00","29.00","1","","","Print on PAPER; Image Print Size : 24 X 24; Frame: Dark Wood (1.80inch); Mount: 1.00, Color: OFFWHITE; Total Size: 29.00 X 29.00; Acrylic covered; ",""
"5074","Moon Rising from the Crimson Sky I","Abstract","1840.00","197.00","18.00","18.00","1","","","Print on PAPER; Image Print Size : 12 X 12; Frame: Simple Black (1.22inch); Mount: 2.00, Color: OFFWHITE; Total Size: 18.00 X 18.00; Acrylic covered; ",""
"5075","Moon Rising from the Crimson Sky II","Abstract","7050.00","755.00","29.00","29.00","1","","","Print on PAPER; Image Print Size : 24 X 24; Frame: Dark Wood (1.80inch); Mount: 1.00, Color: OFFWHITE; Total Size: 29.00 X 29.00; Acrylic covered; ",""
"5076","Oceanside I","Abstract","1840.00","197.00","18.00","18.00","1","","","Print on PAPER; Image Print Size : 12 X 12; Frame: Simple Black (1.22inch); Mount: 2.00, Color: OFFWHITE; Total Size: 18.00 X 18.00; Acrylic covered; ",""
"5077","Oceanside II","Abstract","7050.00","755.00","29.00","29.00","1","","","Print on PAPER; Image Print Size : 24 X 24; Frame: Dark Wood (1.80inch); Mount: 1.00, Color: OFFWHITE; Total Size: 29.00 X 29.00; Acrylic covered; ",""
"5078","Plage I","Abstract","1840.00","197.00","18.00","18.00","1","","","Print on PAPER; Image Print Size : 12 X 12; Frame: Simple Black (1.22inch); Mount: 2.00, Color: OFFWHITE; Total Size: 18.00 X 18.00; Acrylic covered; ",""
"5079","Plage II","Abstract","7050.00","755.00","29.00","29.00","1","","","Print on PAPER; Image Print Size : 24 X 24; Frame: Dark Wood (1.80inch); Mount: 1.00, Color: OFFWHITE; Total Size: 29.00 X 29.00; Acrylic covered; ",""
"5080","House under construction","Abstract","3490.00","374.00","30.00","18.00","1","","","Print on PAPER; Image Print Size : 12 X 24; Frame: Simple Black (1.22inch); Mount: 2.00, Color: OFFWHITE; Total Size: 18.00 X 30.00; Acrylic covered; ",""
"5081","Wild Hearted","Abstract","3830.00","410.00","17.00","29.00","1","","","Print on PAPER; Image Print Size : 24 X 12; Frame: Dark Wood (1.80inch); Mount: 1.00, Color: OFFWHITE; Total Size: 29.00 X 17.00; Acrylic covered; ",""
"5082","Suprematist Composition","Abstract","2390.00","256.00","22.00","18.00","1","","","Print on PAPER; Image Print Size : 12 X 16; Frame: Simple Black (1.22inch); Mount: 2.00, Color: OFFWHITE; Total Size: 18.00 X 22.00; Acrylic covered; ",""
"5083","Suprematism","Abstract","9190.00","985.00","37.00","29.00","1","","","Print on PAPER; Image Print Size : 24 X 32; Frame: Dark Wood (1.80inch); Mount: 1.00, Color: OFFWHITE; Total Size: 29.00 X 37.00; Acrylic covered; ",""
"5084","Haiku VII","Abstract","2530.00","271.00","23.00","18.00","1","","","Print on PAPER; Image Print Size : 12 X 17; Frame: Simple Black (1.22inch); Mount: 2.00, Color: OFFWHITE; Total Size: 18.00 X 23.00; Acrylic covered; ",""
"5085","Haiku VIII","Abstract","9730.00","1042.00","39.00","29.00","1","","","Print on PAPER; Image Print Size : 24 X 34; Frame: Dark Wood (1.80inch); Mount: 1.00, Color: OFFWHITE; Total Size: 29.00 X 39.00; Acrylic covered; ",""
"5086","Riflessi della sera","Abstract","1430.00","153.00","15.00","18.00","1","","","Print on PAPER; Image Print Size : 12 X 9; Frame: Simple Black (1.22inch); Mount: 2.00, Color: OFFWHITE; Total Size: 18.00 X 15.00; Acrylic covered; ",""
"5087"," Riflessi del tramonto","Abstract","5440.00","583.00","23.00","29.00","1","","","Print on PAPER; Image Print Size : 24 X 18; Frame: Dark Wood (1.80inch); Mount: 1.00, Color: OFFWHITE; Total Size: 29.00 X 23.00; Acrylic covered; ",""
"5088","Riflessi del mattino I (detail)","Abstract","2390.00","256.00","22.00","18.00","1","","","Print on PAPER; Image Print Size : 12 X 16; Frame: Simple Black (1.22inch); Mount: 2.00, Color: OFFWHITE; Total Size: 18.00 X 22.00; Acrylic covered; ",""
"5089","Riflessi del mattino II (detail)","Abstract","9190.00","985.00","37.00","29.00","1","","","Print on PAPER; Image Print Size : 24 X 32; Frame: Dark Wood (1.80inch); Mount: 1.00, Color: OFFWHITE; Total Size: 29.00 X 37.00; Acrylic covered; ",""
"5090","Astratto cremisi","Abstract","1430.00","153.00","15.00","18.00","1","","","Print on PAPER; Image Print Size : 12 X 9; Frame: Simple Black (1.22inch); Mount: 2.00, Color: OFFWHITE; Total Size: 18.00 X 15.00; Acrylic covered; ",""
"5091","Stratum 1","Abstract","5440.00","583.00","23.00","29.00","1","","","Print on PAPER; Image Print Size : 24 X 18; Frame: Dark Wood (1.80inch); Mount: 1.00, Color: OFFWHITE; Total Size: 29.00 X 23.00; Acrylic covered; ",""
"5092","Air and Water 1","Abstract","1430.00","153.00","15.00","18.00","1","","","Print on PAPER; Image Print Size : 12 X 9; Frame: Simple Black (1.22inch); Mount: 2.00, Color: OFFWHITE; Total Size: 18.00 X 15.00; Acrylic covered; ",""
"5093","Deconstructed 2","Abstract","5440.00","583.00","23.00","29.00","1","","","Print on PAPER; Image Print Size : 24 X 18; Frame: Dark Wood (1.80inch); Mount: 1.00, Color: OFFWHITE; Total Size: 29.00 X 23.00; Acrylic covered; ",""
"5094","Liquid Stone 1","Abstract","1840.00","197.00","18.00","18.00","1","","","Print on PAPER; Image Print Size : 12 X 12; Frame: Simple Black (1.22inch); Mount: 2.00, Color: OFFWHITE; Total Size: 18.00 X 18.00; Acrylic covered; ",""
"5095","Liquid Stone 2","Abstract","7050.00","755.00","29.00","29.00","1","","","Print on PAPER; Image Print Size : 24 X 24; Frame: Dark Wood (1.80inch); Mount: 1.00, Color: OFFWHITE; Total Size: 29.00 X 29.00; Acrylic covered; ",""
"5096","Gestural Brush, Blue","Abstract","2670.00","286.00","24.00","18.00","1","","","Print on PAPER; Image Print Size : 12 X 18; Frame: Simple Black (1.22inch); Mount: 2.00, Color: OFFWHITE; Total Size: 18.00 X 24.00; Acrylic covered; ",""
"5097","Gestural Brush, Grey","Abstract","9990.00","1070.00","40.00","29.00","1","","","Print on PAPER; Image Print Size : 24 X 35; Frame: Dark Wood (1.80inch); Mount: 1.00, Color: OFFWHITE; Total Size: 29.00 X 40.00; Acrylic covered; ",""
"5098","Gestural Brush, Red","Abstract","2670.00","286.00","24.00","18.00","1","","","Print on PAPER; Image Print Size : 12 X 18; Frame: Simple Black (1.22inch); Mount: 2.00, Color: OFFWHITE; Total Size: 18.00 X 24.00; Acrylic covered; ",""
"5099","Garden Ensemble","Abstract","7050.00","755.00","29.00","29.00","1","","","Print on PAPER; Image Print Size : 24 X 24; Frame: Dark Wood (1.80inch); Mount: 1.00, Color: OFFWHITE; Total Size: 29.00 X 29.00; Acrylic covered; ",""
"5100","FLEUR DE LUNE I","Abstract","1840.00","197.00","18.00","18.00","1","","","Print on PAPER; Image Print Size : 12 X 12; Frame: Simple Black (1.22inch); Mount: 2.00, Color: OFFWHITE; Total Size: 18.00 X 18.00; Acrylic covered; ",""
"5101","FLEUR DE LUNE II","Abstract","7050.00","755.00","29.00","29.00","1","","","Print on PAPER; Image Print Size : 24 X 24; Frame: Dark Wood (1.80inch); Mount: 1.00, Color: OFFWHITE; Total Size: 29.00 X 29.00; Acrylic covered; ",""
"5102","Oxido On Teal II","Abstract","2260.00","242.00","21.00","18.00","1","","","Print on PAPER; Image Print Size : 12 X 15; Frame: Simple Black (1.22inch); Mount: 2.00, Color: OFFWHITE; Total Size: 18.00 X 21.00; Acrylic covered; ",""
"5103","Doubloons Panel I","Landscape","13480.00","1444.00","53.00","29.00","1","","","Print on PAPER; Image Print Size : 24 X 48; Frame: Dark Wood (1.80inch); Mount: 1.00, Color: OFFWHITE; Total Size: 29.00 X 53.00; Acrylic covered; ",""
"5104","Life and Dreams I","Signs","2260.00","242.00","21.00","18.00","1","","","Print on PAPER; Image Print Size : 12 X 15; Frame: Simple Black (1.22inch); Mount: 2.00, Color: OFFWHITE; Total Size: 18.00 X 21.00; Acrylic covered; ",""
"5105","Life and Dreams II","Signs","8920.00","956.00","36.00","29.00","1","","","Print on PAPER; Image Print Size : 24 X 31; Frame: Dark Wood (1.80inch); Mount: 1.00, Color: OFFWHITE; Total Size: 29.00 X 36.00; Acrylic covered; ",""
"5106","Pelican Beach","Coastal","1430.00","153.00","15.00","18.00","1","","","Print on PAPER; Image Print Size : 12 X 9; Frame: Simple Black (1.22inch); Mount: 2.00, Color: OFFWHITE; Total Size: 18.00 X 15.00; Acrylic covered; ",""
"5107","Seagrass Shore","Coastal","5710.00","612.00","24.00","29.00","1","","","Print on PAPER; Image Print Size : 24 X 19; Frame: Dark Wood (1.80inch); Mount: 1.00, Color: OFFWHITE; Total Size: 29.00 X 24.00; Acrylic covered; ",""
"5108","Shell Collage I","Coastal","1840.00","197.00","18.00","18.00","1","","","Print on PAPER; Image Print Size : 12 X 12; Frame: Simple Black (1.22inch); Mount: 2.00, Color: OFFWHITE; Total Size: 18.00 X 18.00; Acrylic covered; ",""
"5109","Indigo Contemporary I","Abstract","8390.00","899.00","34.00","29.00","1","","","Print on PAPER; Image Print Size : 24 X 29; Frame: Dark Wood (1.80inch); Mount: 1.00, Color: OFFWHITE; Total Size: 29.00 X 34.00; Acrylic covered; ",""
"5110","Poppies on Paisley","Floral","1840.00","197.00","18.00","18.00","1","","","Print on PAPER; Image Print Size : 12 X 12; Frame: Simple Black (1.22inch); Mount: 2.00, Color: OFFWHITE; Total Size: 18.00 X 18.00; Acrylic covered; ",""
"5111","Rich Poppies on Paisley","Floral","7050.00","755.00","29.00","29.00","1","","","Print on PAPER; Image Print Size : 24 X 24; Frame: Dark Wood (1.80inch); Mount: 1.00, Color: OFFWHITE; Total Size: 29.00 X 29.00; Acrylic covered; ",""
"5112","Morning Tones Purple II","Floral","1840.00","197.00","18.00","18.00","1","","","Print on PAPER; Image Print Size : 12 X 12; Frame: Simple Black (1.22inch); Mount: 2.00, Color: OFFWHITE; Total Size: 18.00 X 18.00; Acrylic covered; ",""
"5113","La Diva Shoes","Fashion","5710.00","612.00","24.00","29.00","1","","","Print on PAPER; Image Print Size : 24 X 19; Frame: Dark Wood (1.80inch); Mount: 1.00, Color: OFFWHITE; Total Size: 29.00 X 24.00; Acrylic covered; ",""
"5114","Green Horizon 4","Abstract","1840.00","197.00","18.00","18.00","1","","","Print on PAPER; Image Print Size : 12 X 12; Frame: Simple Black (1.22inch); Mount: 2.00, Color: OFFWHITE; Total Size: 18.00 X 18.00; Acrylic covered; ",""
"5115","Life Guard White Wash","Coastal","7050.00","755.00","29.00","29.00","1","","","Print on PAPER; Image Print Size : 24 X 24; Frame: Dark Wood (1.80inch); Mount: 1.00, Color: OFFWHITE; Total Size: 29.00 X 29.00; Acrylic covered; ",""
"5116","Chateau Nouveau Panel II","Kitchen","740.00","79.00","10.00","18.00","1","","","Print on PAPER; Image Print Size : 12 X 4; Frame: Simple Black (1.22inch); Mount: 2.00, Color: OFFWHITE; Total Size: 18.00 X 10.00; Acrylic covered; ",""
"5117","Black and White Pop I","Abstract","7050.00","755.00","29.00","29.00","1","","","Print on PAPER; Image Print Size : 24 X 24; Frame: Dark Wood (1.80inch); Mount: 1.00, Color: OFFWHITE; Total Size: 29.00 X 29.00; Acrylic covered; ",""
"5118","Black and White Pop II","Abstract","1840.00","197.00","18.00","18.00","1","","","Print on PAPER; Image Print Size : 12 X 12; Frame: Simple Black (1.22inch); Mount: 2.00, Color: OFFWHITE; Total Size: 18.00 X 18.00; Acrylic covered; ",""
"5119","Well Said I","Signs","7050.00","755.00","29.00","29.00","1","","","Print on PAPER; Image Print Size : 24 X 24; Frame: Dark Wood (1.80inch); Mount: 1.00, Color: OFFWHITE; Total Size: 29.00 X 29.00; Acrylic covered; ",""
"5120","Well Said II","Signs","1840.00","197.00","18.00","18.00","1","","","Print on PAPER; Image Print Size : 12 X 12; Frame: Simple Black (1.22inch); Mount: 2.00, Color: OFFWHITE; Total Size: 18.00 X 18.00; Acrylic covered; ",""
"5121","Entwine I","Abstract","8390.00","899.00","34.00","29.00","1","","","Print on PAPER; Image Print Size : 24 X 29; Frame: Dark Wood (1.80inch); Mount: 1.00, Color: OFFWHITE; Total Size: 29.00 X 34.00; Acrylic covered; ",""
"5122","Entwine II","Abstract","2260.00","242.00","21.00","18.00","1","","","Print on PAPER; Image Print Size : 12 X 15; Frame: Simple Black (1.22inch); Mount: 2.00, Color: OFFWHITE; Total Size: 18.00 X 21.00; Acrylic covered; ",""
"5123","So Close I","Abstract","7050.00","755.00","29.00","29.00","1","","","Print on PAPER; Image Print Size : 24 X 24; Frame: Dark Wood (1.80inch); Mount: 1.00, Color: OFFWHITE; Total Size: 29.00 X 29.00; Acrylic covered; ",""
"5124","So Close II","Abstract","1840.00","197.00","18.00","18.00","1","","","Print on PAPER; Image Print Size : 12 X 12; Frame: Simple Black (1.22inch); Mount: 2.00, Color: OFFWHITE; Total Size: 18.00 X 18.00; Acrylic covered; ",""
"5125","So Close III","Abstract","7050.00","755.00","29.00","29.00","1","","","Print on PAPER; Image Print Size : 24 X 24; Frame: Dark Wood (1.80inch); Mount: 1.00, Color: OFFWHITE; Total Size: 29.00 X 29.00; Acrylic covered; ",""
"5126","Urban Across","Abstract","1840.00","197.00","18.00","18.00","1","","","Print on PAPER; Image Print Size : 12 X 12; Frame: Simple Black (1.22inch); Mount: 2.00, Color: OFFWHITE; Total Size: 18.00 X 18.00; Acrylic covered; ",""
"5127","Urban Over","Abstract","7050.00","755.00","29.00","29.00","1","","","Print on PAPER; Image Print Size : 24 X 24; Frame: Dark Wood (1.80inch); Mount: 1.00, Color: OFFWHITE; Total Size: 29.00 X 29.00; Acrylic covered; ",""
"5128","Velo","Vintage","1840.00","197.00","18.00","18.00","1","","","Print on PAPER; Image Print Size : 12 X 12; Frame: Simple Black (1.22inch); Mount: 2.00, Color: OFFWHITE; Total Size: 18.00 X 18.00; Acrylic covered; ",""
"5129","Le Cœur dAmour I","Vintage","7050.00","755.00","29.00","29.00","1","","","Print on PAPER; Image Print Size : 24 X 24; Frame: Dark Wood (1.80inch); Mount: 1.00, Color: OFFWHITE; Total Size: 29.00 X 29.00; Acrylic covered; ",""
"5130","Midtown Bridge I","Abstract","1840.00","197.00","18.00","18.00","1","","","Print on PAPER; Image Print Size : 12 X 12; Frame: Simple Black (1.22inch); Mount: 2.00, Color: OFFWHITE; Total Size: 18.00 X 18.00; Acrylic covered; ",""
"5131","Splash of Color I","Floral","7050.00","755.00","29.00","29.00","1","","","Print on PAPER; Image Print Size : 24 X 24; Frame: Dark Wood (1.80inch); Mount: 1.00, Color: OFFWHITE; Total Size: 29.00 X 29.00; Acrylic covered; ",""
"5132","Petite Rose II","Floral","1840.00","197.00","18.00","18.00","1","","","Print on PAPER; Image Print Size : 12 X 12; Frame: Simple Black (1.22inch); Mount: 2.00, Color: OFFWHITE; Total Size: 18.00 X 18.00; Acrylic covered; ",""
"5133","Royalty I","Inspirational","7050.00","755.00","29.00","29.00","1","","","Print on PAPER; Image Print Size : 24 X 24; Frame: Dark Wood (1.80inch); Mount: 1.00, Color: OFFWHITE; Total Size: 29.00 X 29.00; Acrylic covered; ",""
"5134","Turquoise Element III","Abstract","1840.00","197.00","18.00","18.00","1","","","Print on PAPER; Image Print Size : 12 X 12; Frame: Simple Black (1.22inch); Mount: 2.00, Color: OFFWHITE; Total Size: 18.00 X 18.00; Acrylic covered; ",""
"5135","Turquoise Element IV","Abstract","7050.00","755.00","29.00","29.00","1","","","Print on PAPER; Image Print Size : 24 X 24; Frame: Dark Wood (1.80inch); Mount: 1.00, Color: OFFWHITE; Total Size: 29.00 X 29.00; Acrylic covered; ",""
"5136","Green Space II","Abstract","1840.00","197.00","18.00","18.00","1","","","Print on PAPER; Image Print Size : 12 X 12; Frame: Simple Black (1.22inch); Mount: 2.00, Color: OFFWHITE; Total Size: 18.00 X 18.00; Acrylic covered; ",""
"5137","Green Space III","Abstract","7050.00","755.00","29.00","29.00","1","","","Print on PAPER; Image Print Size : 24 X 24; Frame: Dark Wood (1.80inch); Mount: 1.00, Color: OFFWHITE; Total Size: 29.00 X 29.00; Acrylic covered; ",""
"5138","Thicker than Water II","Abstract","1290.00","138.00","14.00","18.00","1","","","Print on PAPER; Image Print Size : 12 X 8; Frame: Simple Black (1.22inch); Mount: 2.00, Color: OFFWHITE; Total Size: 18.00 X 14.00; Acrylic covered; ",""
"5139","Twilight Time","Abstract","7050.00","755.00","29.00","29.00","1","","","Print on PAPER; Image Print Size : 24 X 24; Frame: Dark Wood (1.80inch); Mount: 1.00, Color: OFFWHITE; Total Size: 29.00 X 29.00; Acrylic covered; ",""
"5140","A Bridge to Joy","Abstract","1290.00","138.00","14.00","18.00","1","","","Print on PAPER; Image Print Size : 12 X 8; Frame: Simple Black (1.22inch); Mount: 2.00, Color: OFFWHITE; Total Size: 18.00 X 14.00; Acrylic covered; ",""
"5141","Across the Tall Grass I","Abstract","7050.00","755.00","29.00","29.00","1","","","Print on PAPER; Image Print Size : 24 X 24; Frame: Dark Wood (1.80inch); Mount: 1.00, Color: OFFWHITE; Total Size: 29.00 X 29.00; Acrylic covered; ",""
"5142","Across the Tall Grass II","Abstract","1840.00","197.00","18.00","18.00","1","","","Print on PAPER; Image Print Size : 12 X 12; Frame: Simple Black (1.22inch); Mount: 2.00, Color: OFFWHITE; Total Size: 18.00 X 18.00; Acrylic covered; ",""
"5143","Amorphous I","Abstract","13480.00","1444.00","53.00","29.00","1","","","Print on PAPER; Image Print Size : 24 X 48; Frame: Dark Wood (1.80inch); Mount: 1.00, Color: OFFWHITE; Total Size: 29.00 X 53.00; Acrylic covered; ",""
"5144","Amorphous II","Abstract","3490.00","374.00","30.00","18.00","1","","","Print on PAPER; Image Print Size : 12 X 24; Frame: Simple Black (1.22inch); Mount: 2.00, Color: OFFWHITE; Total Size: 18.00 X 30.00; Acrylic covered; ",""
"5145","Translucent Abstraction I","Abstract","9990.00","1070.00","40.00","29.00","1","","","Print on PAPER; Image Print Size : 24 X 35; Frame: Dark Wood (1.80inch); Mount: 1.00, Color: OFFWHITE; Total Size: 29.00 X 40.00; Acrylic covered; ",""
"5146","Translucent Abstraction II","Abstract","2670.00","286.00","24.00","18.00","1","","","Print on PAPER; Image Print Size : 12 X 18; Frame: Simple Black (1.22inch); Mount: 2.00, Color: OFFWHITE; Total Size: 18.00 X 24.00; Acrylic covered; ",""
"5147","White Sky I","Abstract","20710.00","2219.00","80.00","29.00","1","","","Print on PAPER; Image Print Size : 24 X 75; Frame: Dark Wood (1.80inch); Mount: 1.00, Color: OFFWHITE; Total Size: 29.00 X 80.00; Acrylic covered; ",""
"5148","White Sky II","Abstract","5280.00","566.00","43.00","18.00","1","","","Print on PAPER; Image Print Size : 12 X 37; Frame: Simple Black (1.22inch); Mount: 2.00, Color: OFFWHITE; Total Size: 18.00 X 43.00; Acrylic covered; ",""
"5149","Fluidity I","Abstract","9730.00","1042.00","39.00","29.00","1","","","Print on PAPER; Image Print Size : 24 X 34; Frame: Dark Wood (1.80inch); Mount: 1.00, Color: OFFWHITE; Total Size: 29.00 X 39.00; Acrylic covered; ",""
"5150","Fluidity II","Abstract","2530.00","271.00","23.00","18.00","1","","","Print on PAPER; Image Print Size : 12 X 17; Frame: Simple Black (1.22inch); Mount: 2.00, Color: OFFWHITE; Total Size: 18.00 X 23.00; Acrylic covered; ",""
"5151","Spontaneous I","Abstract","9730.00","1042.00","39.00","29.00","1","","","Print on PAPER; Image Print Size : 24 X 34; Frame: Dark Wood (1.80inch); Mount: 1.00, Color: OFFWHITE; Total Size: 29.00 X 39.00; Acrylic covered; ",""
"5152","Spontaneous II","Abstract","2530.00","271.00","23.00","18.00","1","","","Print on PAPER; Image Print Size : 12 X 17; Frame: Simple Black (1.22inch); Mount: 2.00, Color: OFFWHITE; Total Size: 18.00 X 23.00; Acrylic covered; ",""
"5153","Open Range I","Abstract","5970.00","640.00","25.00","29.00","1","","","Print on PAPER; Image Print Size : 24 X 20; Frame: Dark Wood (1.80inch); Mount: 1.00, Color: OFFWHITE; Total Size: 29.00 X 25.00; Acrylic covered; ",""
"5154","Open Range II","Abstract","1570.00","168.00","16.00","18.00","1","","","Print on PAPER; Image Print Size : 12 X 10; Frame: Simple Black (1.22inch); Mount: 2.00, Color: OFFWHITE; Total Size: 18.00 X 16.00; Acrylic covered; ",""
"5155","Metaphysical I","Abstract","9190.00","985.00","37.00","29.00","1","","","Print on PAPER; Image Print Size : 24 X 32; Frame: Dark Wood (1.80inch); Mount: 1.00, Color: OFFWHITE; Total Size: 29.00 X 37.00; Acrylic covered; ",""
"5156","Metaphysical II","Abstract","2390.00","256.00","22.00","18.00","1","","","Print on PAPER; Image Print Size : 12 X 16; Frame: Simple Black (1.22inch); Mount: 2.00, Color: OFFWHITE; Total Size: 18.00 X 22.00; Acrylic covered; ",""
"5157","City Square III","Abstract","7050.00","755.00","29.00","29.00","1","","","Print on PAPER; Image Print Size : 24 X 24; Frame: Dark Wood (1.80inch); Mount: 1.00, Color: OFFWHITE; Total Size: 29.00 X 29.00; Acrylic covered; ",""
"5158","City Square IV","Abstract","1840.00","197.00","18.00","18.00","1","","","Print on PAPER; Image Print Size : 12 X 12; Frame: Simple Black (1.22inch); Mount: 2.00, Color: OFFWHITE; Total Size: 18.00 X 18.00; Acrylic covered; ",""
"5159","Block Abstract II v2","Abstract","8650.00","927.00","35.00","29.00","1","","","Print on PAPER; Image Print Size : 24 X 30; Frame: Dark Wood (1.80inch); Mount: 1.00, Color: OFFWHITE; Total Size: 29.00 X 35.00; Acrylic covered; ",""
"5160","Block Abstract I v2","Abstract","2260.00","242.00","21.00","18.00","1","","","Print on PAPER; Image Print Size : 12 X 15; Frame: Simple Black (1.22inch); Mount: 2.00, Color: OFFWHITE; Total Size: 18.00 X 21.00; Acrylic covered; ",""
"5161","Pastoral I","Abstract","7050.00","755.00","29.00","29.00","1","","","Print on PAPER; Image Print Size : 24 X 24; Frame: Dark Wood (1.80inch); Mount: 1.00, Color: OFFWHITE; Total Size: 29.00 X 29.00; Acrylic covered; ",""
"5162","Pastoral II","Abstract","1840.00","197.00","18.00","18.00","1","","","Print on PAPER; Image Print Size : 12 X 12; Frame: Simple Black (1.22inch); Mount: 2.00, Color: OFFWHITE; Total Size: 18.00 X 18.00; Acrylic covered; ",""
"5163","Rainbow of Stripes Crop","Abstract","3830.00","410.00","17.00","29.00","1","","","Print on PAPER; Image Print Size : 24 X 12; Frame: Dark Wood (1.80inch); Mount: 1.00, Color: OFFWHITE; Total Size: 29.00 X 17.00; Acrylic covered; ",""
"5164","Galaxy I","Abstract","1840.00","197.00","18.00","18.00","1","","","Print on PAPER; Image Print Size : 12 X 12; Frame: Simple Black (1.22inch); Mount: 2.00, Color: OFFWHITE; Total Size: 18.00 X 18.00; Acrylic covered; ",""
"5165","Galaxy II","Abstract","7050.00","755.00","29.00","29.00","1","","","Print on PAPER; Image Print Size : 24 X 24; Frame: Dark Wood (1.80inch); Mount: 1.00, Color: OFFWHITE; Total Size: 29.00 X 29.00; Acrylic covered; ",""
"5166","Speckled Plane I","Abstract","1840.00","197.00","18.00","18.00","1","","","Print on PAPER; Image Print Size : 12 X 12; Frame: Simple Black (1.22inch); Mount: 2.00, Color: OFFWHITE; Total Size: 18.00 X 18.00; Acrylic covered; ",""
"5167","Speckled Plane II","Abstract","7050.00","755.00","29.00","29.00","1","","","Print on PAPER; Image Print Size : 24 X 24; Frame: Dark Wood (1.80inch); Mount: 1.00, Color: OFFWHITE; Total Size: 29.00 X 29.00; Acrylic covered; ",""
"5168","Mind Games I","Abstract","1840.00","197.00","18.00","18.00","1","","","Print on PAPER; Image Print Size : 12 X 12; Frame: Simple Black (1.22inch); Mount: 2.00, Color: OFFWHITE; Total Size: 18.00 X 18.00; Acrylic covered; ",""
"5169","Mind Games II","Abstract","7050.00","755.00","29.00","29.00","1","","","Print on PAPER; Image Print Size : 24 X 24; Frame: Dark Wood (1.80inch); Mount: 1.00, Color: OFFWHITE; Total Size: 29.00 X 29.00; Acrylic covered; ",""
"5170","Teal Patina I ","Abstract","3900.00","418.00","33.00","18.00","1","","","Print on PAPER; Image Print Size : 12 X 27; Frame: Simple Black (1.22inch); Mount: 2.00, Color: OFFWHITE; Total Size: 18.00 X 33.00; Acrylic covered; ",""
"5171","Teal Patina II","Abstract","15090.00","1617.00","59.00","29.00","1","","","Print on PAPER; Image Print Size : 24 X 54; Frame: Dark Wood (1.80inch); Mount: 1.00, Color: OFFWHITE; Total Size: 29.00 X 59.00; Acrylic covered; ",""
"5172","Teal Patina III ","Abstract","1840.00","197.00","18.00","18.00","1","","","Print on PAPER; Image Print Size : 12 X 12; Frame: Simple Black (1.22inch); Mount: 2.00, Color: OFFWHITE; Total Size: 18.00 X 18.00; Acrylic covered; ",""
"5173","Teal Patina IV ","Abstract","7050.00","755.00","29.00","29.00","1","","","Print on PAPER; Image Print Size : 24 X 24; Frame: Dark Wood (1.80inch); Mount: 1.00, Color: OFFWHITE; Total Size: 29.00 X 29.00; Acrylic covered; ",""
"5174","Stacked I Greige","Abstract","1840.00","197.00","18.00","18.00","1","","","Print on PAPER; Image Print Size : 12 X 12; Frame: Simple Black (1.22inch); Mount: 2.00, Color: OFFWHITE; Total Size: 18.00 X 18.00; Acrylic covered; ",""
"5175","Stacked II Greige","Abstract","7050.00","755.00","29.00","29.00","1","","","Print on PAPER; Image Print Size : 24 X 24; Frame: Dark Wood (1.80inch); Mount: 1.00, Color: OFFWHITE; Total Size: 29.00 X 29.00; Acrylic covered; ",""
"5176","Chelsea Abstract I","Abstract","1840.00","197.00","18.00","18.00","1","","","Print on PAPER; Image Print Size : 12 X 12; Frame: Simple Black (1.22inch); Mount: 2.00, Color: OFFWHITE; Total Size: 18.00 X 18.00; Acrylic covered; ",""
"5177","Chelsea Abstract II","Abstract","7050.00","755.00","29.00","29.00","1","","","Print on PAPER; Image Print Size : 24 X 24; Frame: Dark Wood (1.80inch); Mount: 1.00, Color: OFFWHITE; Total Size: 29.00 X 29.00; Acrylic covered; ",""
"5178","Saturnia Spring II","Abstract","1840.00","197.00","18.00","18.00","1","","","Print on PAPER; Image Print Size : 12 X 12; Frame: Simple Black (1.22inch); Mount: 2.00, Color: OFFWHITE; Total Size: 18.00 X 18.00; Acrylic covered; ",""
"5179","Layers of Time III","Abstract","19910.00","2133.00","77.00","29.00","1","","","Print on PAPER; Image Print Size : 24 X 72; Frame: Dark Wood (1.80inch); Mount: 1.00, Color: OFFWHITE; Total Size: 29.00 X 77.00; Acrylic covered; ",""
"5180","Layers of Time IV","Abstract","5140.00","551.00","42.00","18.00","1","","","Print on PAPER; Image Print Size : 12 X 36; Frame: Simple Black (1.22inch); Mount: 2.00, Color: OFFWHITE; Total Size: 18.00 X 42.00; Acrylic covered; ",""
"5181","Frost Valley Morning I","Abstract","7050.00","755.00","29.00","29.00","1","","","Print on PAPER; Image Print Size : 24 X 24; Frame: Dark Wood (1.80inch); Mount: 1.00, Color: OFFWHITE; Total Size: 29.00 X 29.00; Acrylic covered; ",""
"5182","Frost Valley Morning II","Abstract","1840.00","197.00","18.00","18.00","1","","","Print on PAPER; Image Print Size : 12 X 12; Frame: Simple Black (1.22inch); Mount: 2.00, Color: OFFWHITE; Total Size: 18.00 X 18.00; Acrylic covered; ",""
"5183","Staccato Blue I","Abstract","7050.00","755.00","29.00","29.00","1","","","Print on PAPER; Image Print Size : 24 X 24; Frame: Dark Wood (1.80inch); Mount: 1.00, Color: OFFWHITE; Total Size: 29.00 X 29.00; Acrylic covered; ",""
"5184","Blue Sands","Abstract","1430.00","153.00","15.00","18.00","1","","","Print on PAPER; Image Print Size : 12 X 9; Frame: Simple Black (1.22inch); Mount: 2.00, Color: OFFWHITE; Total Size: 18.00 X 15.00; Acrylic covered; ",""
"5185","Oceans Expanse","Abstract","7050.00","755.00","29.00","29.00","1","","","Print on PAPER; Image Print Size : 24 X 24; Frame: Dark Wood (1.80inch); Mount: 1.00, Color: OFFWHITE; Total Size: 29.00 X 29.00; Acrylic covered; ",""
"5186","A Very Cactus Christmas III Dark Green","Holidays","2260.00","242.00","21.00","18.00","1","","","Print on PAPER; Image Print Size : 12 X 15; Frame: Simple Black (1.22inch); Mount: 2.00, Color: OFFWHITE; Total Size: 18.00 X 21.00; Acrylic covered; ",""
"5187","Paris in the Rain I","European","5440.00","583.00","23.00","29.00","1","","","Print on PAPER; Image Print Size : 24 X 18; Frame: Dark Wood (1.80inch); Mount: 1.00, Color: OFFWHITE; Total Size: 29.00 X 23.00; Acrylic covered; ",""
"5188","Watery Treeline","Abstract","1430.00","153.00","15.00","18.00","1","","","Print on PAPER; Image Print Size : 12 X 9; Frame: Simple Black (1.22inch); Mount: 2.00, Color: OFFWHITE; Total Size: 18.00 X 15.00; Acrylic covered; ",""
"5189","Shimmering Treeline I","Abstract","7050.00","755.00","29.00","29.00","1","","","Print on PAPER; Image Print Size : 24 X 24; Frame: Dark Wood (1.80inch); Mount: 1.00, Color: OFFWHITE; Total Size: 29.00 X 29.00; Acrylic covered; ",""
"5190","Lily Lake","Abstract","1430.00","153.00","15.00","18.00","1","","","Print on PAPER; Image Print Size : 12 X 9; Frame: Simple Black (1.22inch); Mount: 2.00, Color: OFFWHITE; Total Size: 18.00 X 15.00; Acrylic covered; ",""
"5191","Changing Currents I","Abstract","7050.00","755.00","29.00","29.00","1","","","Print on PAPER; Image Print Size : 24 X 24; Frame: Dark Wood (1.80inch); Mount: 1.00, Color: OFFWHITE; Total Size: 29.00 X 29.00; Acrylic covered; ",""
"5192","Changing Currents II","Abstract","1840.00","197.00","18.00","18.00","1","","","Print on PAPER; Image Print Size : 12 X 12; Frame: Simple Black (1.22inch); Mount: 2.00, Color: OFFWHITE; Total Size: 18.00 X 18.00; Acrylic covered; ",""
"5193","Field of Topaz","Abstract","7050.00","755.00","29.00","29.00","1","","","Print on PAPER; Image Print Size : 24 X 24; Frame: Dark Wood (1.80inch); Mount: 1.00, Color: OFFWHITE; Total Size: 29.00 X 29.00; Acrylic covered; ",""
"5194","Stacks III Neutral","Abstract","1840.00","197.00","18.00","18.00","1","","","Print on PAPER; Image Print Size : 12 X 12; Frame: Simple Black (1.22inch); Mount: 2.00, Color: OFFWHITE; Total Size: 18.00 X 18.00; Acrylic covered; ",""
"5195","Stacks IV Neutral","Abstract","7050.00","755.00","29.00","29.00","1","","","Print on PAPER; Image Print Size : 24 X 24; Frame: Dark Wood (1.80inch); Mount: 1.00, Color: OFFWHITE; Total Size: 29.00 X 29.00; Acrylic covered; ",""
"5196","Balance I Neutral","Abstract","2260.00","242.00","21.00","18.00","1","","","Print on PAPER; Image Print Size : 12 X 15; Frame: Simple Black (1.22inch); Mount: 2.00, Color: OFFWHITE; Total Size: 18.00 X 21.00; Acrylic covered; ",""
"5197","Balance II Neutral","Abstract","8920.00","956.00","36.00","29.00","1","","","Print on PAPER; Image Print Size : 24 X 31; Frame: Dark Wood (1.80inch); Mount: 1.00, Color: OFFWHITE; Total Size: 29.00 X 36.00; Acrylic covered; ",""
"5198","Souls of the Departed I","Abstract","1840.00","197.00","18.00","18.00","1","","","Print on PAPER; Image Print Size : 12 X 12; Frame: Simple Black (1.22inch); Mount: 2.00, Color: OFFWHITE; Total Size: 18.00 X 18.00; Acrylic covered; ",""
"5199","Souls of the Departed II","Abstract","7050.00","755.00","29.00","29.00","1","","","Print on PAPER; Image Print Size : 24 X 24; Frame: Dark Wood (1.80inch); Mount: 1.00, Color: OFFWHITE; Total Size: 29.00 X 29.00; Acrylic covered; ",""
"5200","Blue Bay Marina I","Abstract","1840.00","197.00","18.00","18.00","1","","","Print on PAPER; Image Print Size : 12 X 12; Frame: Simple Black (1.22inch); Mount: 2.00, Color: OFFWHITE; Total Size: 18.00 X 18.00; Acrylic covered; ",""
"5201","Blue Bay Marina II","Abstract","7050.00","755.00","29.00","29.00","1","","","Print on PAPER; Image Print Size : 24 X 24; Frame: Dark Wood (1.80inch); Mount: 1.00, Color: OFFWHITE; Total Size: 29.00 X 29.00; Acrylic covered; ",""
"5202","Metro Mix 21 II","Abstract","1430.00","153.00","15.00","18.00","1","","","Print on PAPER; Image Print Size : 12 X 9; Frame: Simple Black (1.22inch); Mount: 2.00, Color: OFFWHITE; Total Size: 18.00 X 15.00; Acrylic covered; ",""
"5203","Metro Mix 21 III","Abstract","5440.00","583.00","23.00","29.00","1","","","Print on PAPER; Image Print Size : 24 X 18; Frame: Dark Wood (1.80inch); Mount: 1.00, Color: OFFWHITE; Total Size: 29.00 X 23.00; Acrylic covered; ",""
"5204","Diffused Light IV","Abstract","2260.00","242.00","21.00","18.00","1","","","Print on PAPER; Image Print Size : 12 X 15; Frame: Simple Black (1.22inch); Mount: 2.00, Color: OFFWHITE; Total Size: 18.00 X 21.00; Acrylic covered; ",""
"5205","Diffused Light V","Abstract","8650.00","927.00","35.00","29.00","1","","","Print on PAPER; Image Print Size : 24 X 30; Frame: Dark Wood (1.80inch); Mount: 1.00, Color: OFFWHITE; Total Size: 29.00 X 35.00; Acrylic covered; ",""
"5206","Diffused Light VI","Abstract","2260.00","242.00","21.00","18.00","1","","","Print on PAPER; Image Print Size : 12 X 15; Frame: Simple Black (1.22inch); Mount: 2.00, Color: OFFWHITE; Total Size: 18.00 X 21.00; Acrylic covered; ",""
"5207","Graphics III","Abstract","7050.00","755.00","29.00","29.00","1","","","Print on PAPER; Image Print Size : 24 X 24; Frame: Dark Wood (1.80inch); Mount: 1.00, Color: OFFWHITE; Total Size: 29.00 X 29.00; Acrylic covered; ",""
"5208","Graphics IV","Abstract","1840.00","197.00","18.00","18.00","1","","","Print on PAPER; Image Print Size : 12 X 12; Frame: Simple Black (1.22inch); Mount: 2.00, Color: OFFWHITE; Total Size: 18.00 X 18.00; Acrylic covered; ",""
"5209","Graphics VIII","Abstract","7050.00","755.00","29.00","29.00","1","","","Print on PAPER; Image Print Size : 24 X 24; Frame: Dark Wood (1.80inch); Mount: 1.00, Color: OFFWHITE; Total Size: 29.00 X 29.00; Acrylic covered; ",""
"5210","Lots of Layers I","Abstract","2670.00","286.00","24.00","18.00","1","","","Print on PAPER; Image Print Size : 12 X 18; Frame: Simple Black (1.22inch); Mount: 2.00, Color: OFFWHITE; Total Size: 18.00 X 24.00; Acrylic covered; ",""
"5211","Lots of Layers II","Abstract","10260.00","1099.00","41.00","29.00","1","","","Print on PAPER; Image Print Size : 24 X 36; Frame: Dark Wood (1.80inch); Mount: 1.00, Color: OFFWHITE; Total Size: 29.00 X 41.00; Acrylic covered; ",""
"5212","Painted Weaving V Pacific Blue","Abstract","2260.00","242.00","21.00","18.00","1","","","Print on PAPER; Image Print Size : 12 X 15; Frame: Simple Black (1.22inch); Mount: 2.00, Color: OFFWHITE; Total Size: 18.00 X 21.00; Acrylic covered; ",""
"5213","By the Sea II no Words v2 Crop","Abstract","10530.00","1128.00","42.00","29.00","1","","","Print on PAPER; Image Print Size : 24 X 37; Frame: Dark Wood (1.80inch); Mount: 1.00, Color: OFFWHITE; Total Size: 29.00 X 42.00; Acrylic covered; ",""
"5214","Spontaneous II","Abstract","2260.00","242.00","21.00","18.00","1","","","Print on PAPER; Image Print Size : 12 X 15; Frame: Simple Black (1.22inch); Mount: 2.00, Color: OFFWHITE; Total Size: 18.00 X 21.00; Acrylic covered; ",""
"5215","Spontaneous III","Abstract","8650.00","927.00","35.00","29.00","1","","","Print on PAPER; Image Print Size : 24 X 30; Frame: Dark Wood (1.80inch); Mount: 1.00, Color: OFFWHITE; Total Size: 29.00 X 35.00; Acrylic covered; ",""
"5216","TURQUOISE Landscape II","Landscape","1840.00","197.00","18.00","18.00","1","","","Print on PAPER; Image Print Size : 12 X 12; Frame: Simple Black (1.22inch); Mount: 2.00, Color: OFFWHITE; Total Size: 18.00 X 18.00; Acrylic covered; ",""
"5217","Blushing Grey II","Abstract","7050.00","755.00","29.00","29.00","1","","","Print on PAPER; Image Print Size : 24 X 24; Frame: Dark Wood (1.80inch); Mount: 1.00, Color: OFFWHITE; Total Size: 29.00 X 29.00; Acrylic covered; ",""
"5218","Shadow of Winter","Abstract","1290.00","138.00","14.00","18.00","1","","","Print on PAPER; Image Print Size : 12 X 8; Frame: Simple Black (1.22inch); Mount: 2.00, Color: OFFWHITE; Total Size: 18.00 X 14.00; Acrylic covered; ",""
"5219","Treescape 3 (Azure, detail)","Abstract","7050.00","755.00","29.00","29.00","1","","","Print on PAPER; Image Print Size : 24 X 24; Frame: Dark Wood (1.80inch); Mount: 1.00, Color: OFFWHITE; Total Size: 29.00 X 29.00; Acrylic covered; ",""
"5220","Evanescenze di cuori","Landscape","1840.00","197.00","18.00","18.00","1","","","Print on PAPER; Image Print Size : 12 X 12; Frame: Simple Black (1.22inch); Mount: 2.00, Color: OFFWHITE; Total Size: 18.00 X 18.00; Acrylic covered; ",""
"5221","Mediterraneo II","Coastal","7050.00","755.00","29.00","29.00","1","","","Print on PAPER; Image Print Size : 24 X 24; Frame: Dark Wood (1.80inch); Mount: 1.00, Color: OFFWHITE; Total Size: 29.00 X 29.00; Acrylic covered; ",""
"5222"," Pianure serene II (detail)","European","1840.00","197.00","18.00","18.00","1","","","Print on PAPER; Image Print Size : 12 X 12; Frame: Simple Black (1.22inch); Mount: 2.00, Color: OFFWHITE; Total Size: 18.00 X 18.00; Acrylic covered; ",""
"5223","Borgo italiano","Landscape","3830.00","410.00","17.00","29.00","1","","","Print on PAPER; Image Print Size : 24 X 12; Frame: Dark Wood (1.80inch); Mount: 1.00, Color: OFFWHITE; Total Size: 29.00 X 17.00; Acrylic covered; ",""
"5224","Borgo sul mare","Landscape","1020.00","109.00","12.00","18.00","1","","","Print on PAPER; Image Print Size : 12 X 6; Frame: Simple Black (1.22inch); Mount: 2.00, Color: OFFWHITE; Total Size: 18.00 X 12.00; Acrylic covered; ",""
"5225","Campo in fiore","Floral","3830.00","410.00","17.00","29.00","1","","","Print on PAPER; Image Print Size : 24 X 12; Frame: Dark Wood (1.80inch); Mount: 1.00, Color: OFFWHITE; Total Size: 29.00 X 17.00; Acrylic covered; ",""
"5226","Mediterraneo (detail)","Coastal","1020.00","109.00","12.00","18.00","1","","","Print on PAPER; Image Print Size : 12 X 6; Frame: Simple Black (1.22inch); Mount: 2.00, Color: OFFWHITE; Total Size: 18.00 X 12.00; Acrylic covered; ",""
"5227","Pianure serene (detail)","European","3830.00","410.00","17.00","29.00","1","","","Print on PAPER; Image Print Size : 24 X 12; Frame: Dark Wood (1.80inch); Mount: 1.00, Color: OFFWHITE; Total Size: 29.00 X 17.00; Acrylic covered; ",""
"5228","Bosco sul lago","European","1020.00","109.00","12.00","18.00","1","","","Print on PAPER; Image Print Size : 12 X 6; Frame: Simple Black (1.22inch); Mount: 2.00, Color: OFFWHITE; Total Size: 18.00 X 12.00; Acrylic covered; ",""
"5229","The Fog in Wood I","Landscape","2410.00","258.00","33.00","29.00","1","","","Print on PAPER; Image Print Size : 24 X 28; Frame: Dark Wood (1.80inch); Mount: 1.00, Color: OFFWHITE; Total Size: 29.00 X 33.00; Acrylic covered; ",""
"5230","Before the Storm","Landscape","480.00","51.00","14.00","18.00","1","","","Print on PAPER; Image Print Size : 12 X 8; Frame: Simple Black (1.22inch); Mount: 2.00, Color: OFFWHITE; Total Size: 18.00 X 14.00; Acrylic covered; ",""
"5231","Landscape with a Churche","Landscape","1700.00","182.00","22.00","29.00","1","","","Print on PAPER; Image Print Size : 24 X 17; Frame: Dark Wood (1.80inch); Mount: 1.00, Color: OFFWHITE; Total Size: 29.00 X 22.00; Acrylic covered; ",""
"5232","Winter Landscape","Landscape","480.00","51.00","14.00","18.00","1","","","Print on PAPER; Image Print Size : 12 X 8; Frame: Simple Black (1.22inch); Mount: 2.00, Color: OFFWHITE; Total Size: 18.00 X 14.00; Acrylic covered; ",""
"5233","The Lake","Landscape","1640.00","176.00","21.00","29.00","1","","","Print on PAPER; Image Print Size : 24 X 16; Frame: Dark Wood (1.80inch); Mount: 1.00, Color: OFFWHITE; Total Size: 29.00 X 21.00; Acrylic covered; ",""
"5234","The Way","Landscape","510.00","55.00","15.00","18.00","1","","","Print on PAPER; Image Print Size : 12 X 9; Frame: Simple Black (1.22inch); Mount: 2.00, Color: OFFWHITE; Total Size: 18.00 X 15.00; Acrylic covered; ",""
"5235","Waterfall I","Floral","2410.00","258.00","33.00","29.00","1","","","Print on PAPER; Image Print Size : 24 X 28; Frame: Dark Wood (1.80inch); Mount: 1.00, Color: OFFWHITE; Total Size: 29.00 X 33.00; Acrylic covered; ",""
"5236","Waterfall II","Floral","690.00","74.00","20.00","18.00","1","","","Print on PAPER; Image Print Size : 12 X 14; Frame: Simple Black (1.22inch); Mount: 2.00, Color: OFFWHITE; Total Size: 18.00 X 20.00; Acrylic covered; ",""
"5237","Autumn Wood I","Landscape","1700.00","182.00","22.00","29.00","1","","","Print on PAPER; Image Print Size : 24 X 17; Frame: Dark Wood (1.80inch); Mount: 1.00, Color: OFFWHITE; Total Size: 29.00 X 22.00; Acrylic covered; ",""
"5238","Autumn Wood II","Landscape","510.00","55.00","15.00","18.00","1","","","Print on PAPER; Image Print Size : 12 X 9; Frame: Simple Black (1.22inch); Mount: 2.00, Color: OFFWHITE; Total Size: 18.00 X 15.00; Acrylic covered; ",""
"5239","Creek with Birches","Landscape","1640.00","176.00","21.00","29.00","1","","","Print on PAPER; Image Print Size : 24 X 16; Frame: Dark Wood (1.80inch); Mount: 1.00, Color: OFFWHITE; Total Size: 29.00 X 21.00; Acrylic covered; ",""
"5240","Creek in Mountains with Wooden Bridge","Landscape","480.00","51.00","14.00","18.00","1","","","Print on PAPER; Image Print Size : 12 X 8; Frame: Simple Black (1.22inch); Mount: 2.00, Color: OFFWHITE; Total Size: 18.00 X 14.00; Acrylic covered; ",""
"5241","Hunting near Bristol","Animals","1640.00","176.00","21.00","29.00","1","","","Print on PAPER; Image Print Size : 24 X 16; Frame: Dark Wood (1.80inch); Mount: 1.00, Color: OFFWHITE; Total Size: 29.00 X 21.00; Acrylic covered; ",""
"5242","Hunting near Bristol II","Animals","510.00","55.00","15.00","18.00","1","","","Print on PAPER; Image Print Size : 12 X 9; Frame: Simple Black (1.22inch); Mount: 2.00, Color: OFFWHITE; Total Size: 18.00 X 15.00; Acrylic covered; ",""
"5243","Hunting near Bristol III","Animals","1700.00","182.00","22.00","29.00","1","","","Print on PAPER; Image Print Size : 24 X 17; Frame: Dark Wood (1.80inch); Mount: 1.00, Color: OFFWHITE; Total Size: 29.00 X 22.00; Acrylic covered; ",""
"5244","Green Wheat Fields, Auvers","Landscape","1430.00","153.00","15.00","18.00","1","","","Print on PAPER; Image Print Size : 12 X 9; Frame: Simple Black (1.22inch); Mount: 2.00, Color: OFFWHITE; Total Size: 18.00 X 15.00; Acrylic covered; ",""
"5245","Mediterraneo","Coastal","2760.00","296.00","13.00","29.00","1","","","Print on PAPER; Image Print Size : 24 X 8; Frame: Dark Wood (1.80inch); Mount: 1.00, Color: OFFWHITE; Total Size: 29.00 X 13.00; Acrylic covered; ",""
"5246","Pianure serene","European","740.00","79.00","10.00","18.00","1","","","Print on PAPER; Image Print Size : 12 X 4; Frame: Simple Black (1.22inch); Mount: 2.00, Color: OFFWHITE; Total Size: 18.00 X 10.00; Acrylic covered; ",""
"5247","Flowers by the Sea","Landscape","1510.00","162.00","19.00","29.00","1","","","Print on PAPER; Image Print Size : 24 X 14; Frame: Dark Wood (1.80inch); Mount: 1.00, Color: OFFWHITE; Total Size: 29.00 X 19.00; Acrylic covered; ",""
"5248","Russian Landscapes I","Landscape","440.00","47.00","13.00","18.00","1","","","Print on PAPER; Image Print Size : 12 X 7; Frame: Simple Black (1.22inch); Mount: 2.00, Color: OFFWHITE; Total Size: 18.00 X 13.00; Acrylic covered; ",""
"5249","Pine Bay","Landscape","1510.00","162.00","19.00","29.00","1","","","Print on PAPER; Image Print Size : 24 X 14; Frame: Dark Wood (1.80inch); Mount: 1.00, Color: OFFWHITE; Total Size: 29.00 X 19.00; Acrylic covered; ",""
"5250","Lake in the Mountains","Landscape","440.00","47.00","13.00","18.00","1","","","Print on PAPER; Image Print Size : 12 X 7; Frame: Simple Black (1.22inch); Mount: 2.00, Color: OFFWHITE; Total Size: 18.00 X 13.00; Acrylic covered; ",""
"5251","Copper and Blue Birch Trees, Square 1","Landscape","7050.00","755.00","29.00","29.00","1","","","Print on PAPER; Image Print Size : 24 X 24; Frame: Dark Wood (1.80inch); Mount: 1.00, Color: OFFWHITE; Total Size: 29.00 X 29.00; Acrylic covered; ",""
"5252","Dreams and Trees Landscape","Landscape","1430.00","153.00","15.00","18.00","1","","","Print on PAPER; Image Print Size : 12 X 9; Frame: Simple Black (1.22inch); Mount: 2.00, Color: OFFWHITE; Total Size: 18.00 X 15.00; Acrylic covered; ",""
"5253","Abstract Autumn 1","Abstract","7050.00","755.00","29.00","29.00","1","","","Print on PAPER; Image Print Size : 24 X 24; Frame: Dark Wood (1.80inch); Mount: 1.00, Color: OFFWHITE; Total Size: 29.00 X 29.00; Acrylic covered; ",""
"5254","Abstract Autumn 2","Abstract","1840.00","197.00","18.00","18.00","1","","","Print on PAPER; Image Print Size : 12 X 12; Frame: Simple Black (1.22inch); Mount: 2.00, Color: OFFWHITE; Total Size: 18.00 X 18.00; Acrylic covered; ",""
"5255","Red September","Landscape","5710.00","612.00","24.00","29.00","1","","","Print on PAPER; Image Print Size : 24 X 19; Frame: Dark Wood (1.80inch); Mount: 1.00, Color: OFFWHITE; Total Size: 29.00 X 24.00; Acrylic covered; ",""
"5256","Morning Light","Landscape","1430.00","153.00","15.00","18.00","1","","","Print on PAPER; Image Print Size : 12 X 9; Frame: Simple Black (1.22inch); Mount: 2.00, Color: OFFWHITE; Total Size: 18.00 X 15.00; Acrylic covered; ",""
"5257","RIVIERA DI LEVANTE","Landscape","4900.00","525.00","21.00","29.00","1","","","Print on PAPER; Image Print Size : 24 X 16; Frame: Dark Wood (1.80inch); Mount: 1.00, Color: OFFWHITE; Total Size: 29.00 X 21.00; Acrylic covered; ",""
"5258","MY RETREAT","Landscape","1290.00","138.00","14.00","18.00","1","","","Print on PAPER; Image Print Size : 12 X 8; Frame: Simple Black (1.22inch); Mount: 2.00, Color: OFFWHITE; Total Size: 18.00 X 14.00; Acrylic covered; ",""
"5259","LAVENDER FIELD","Landscape","3830.00","410.00","17.00","29.00","1","","","Print on PAPER; Image Print Size : 24 X 12; Frame: Dark Wood (1.80inch); Mount: 1.00, Color: OFFWHITE; Total Size: 29.00 X 17.00; Acrylic covered; ",""
"5260","SHEEP SUNSET","Landscape","1430.00","153.00","15.00","18.00","1","","","Print on PAPER; Image Print Size : 12 X 9; Frame: Simple Black (1.22inch); Mount: 2.00, Color: OFFWHITE; Total Size: 18.00 X 15.00; Acrylic covered; ",""
"5261","Ornaments and Rose II","Floral","7050.00","755.00","29.00","29.00","1","","","Print on PAPER; Image Print Size : 24 X 24; Frame: Dark Wood (1.80inch); Mount: 1.00, Color: OFFWHITE; Total Size: 29.00 X 29.00; Acrylic covered; ",""
"5262","THE GREEN MAY","Landscape","2530.00","271.00","23.00","18.00","1","","","Print on PAPER; Image Print Size : 12 X 17; Frame: Simple Black (1.22inch); Mount: 2.00, Color: OFFWHITE; Total Size: 18.00 X 23.00; Acrylic covered; ",""
"5263","Mountaintop Retreat","Wildlife","5440.00","583.00","23.00","29.00","1","","","Print on PAPER; Image Print Size : 24 X 18; Frame: Dark Wood (1.80inch); Mount: 1.00, Color: OFFWHITE; Total Size: 29.00 X 23.00; Acrylic covered; ",""
"5264","WILDER KAISER","Landscape","1020.00","109.00","12.00","18.00","1","","","Print on PAPER; Image Print Size : 12 X 6; Frame: Simple Black (1.22inch); Mount: 2.00, Color: OFFWHITE; Total Size: 18.00 X 12.00; Acrylic covered; ",""
"5265","Winged Victory","Abstract","7050.00","755.00","29.00","29.00","1","","","Print on PAPER; Image Print Size : 24 X 24; Frame: Dark Wood (1.80inch); Mount: 1.00, Color: OFFWHITE; Total Size: 29.00 X 29.00; Acrylic covered; ",""
"5266","WINTER IN BELARUS","Landscape","1160.00","124.00","13.00","18.00","1","","","Print on PAPER; Image Print Size : 12 X 7; Frame: Simple Black (1.22inch); Mount: 2.00, Color: OFFWHITE; Total Size: 18.00 X 13.00; Acrylic covered; ",""
"5267","VALLEY IN CZECH REPUBLIC","Landscape","4900.00","525.00","21.00","29.00","1","","","Print on PAPER; Image Print Size : 24 X 16; Frame: Dark Wood (1.80inch); Mount: 1.00, Color: OFFWHITE; Total Size: 29.00 X 21.00; Acrylic covered; ",""
"5268","City in the Rain","Figurative","2670.00","286.00","24.00","18.00","1","","","Print on PAPER; Image Print Size : 12 X 18; Frame: Simple Black (1.22inch); Mount: 2.00, Color: OFFWHITE; Total Size: 18.00 X 24.00; Acrylic covered; ",""
"5269","Coffee Lovers II","Signs","16690.00","1788.00","65.00","29.00","1","","","Print on PAPER; Image Print Size : 24 X 60; Frame: Dark Wood (1.80inch); Mount: 1.00, Color: OFFWHITE; Total Size: 29.00 X 65.00; Acrylic covered; ",""
"5270","Paris Lights II - Arches II","European","3490.00","374.00","30.00","18.00","1","","","Print on PAPER; Image Print Size : 12 X 24; Frame: Simple Black (1.22inch); Mount: 2.00, Color: OFFWHITE; Total Size: 18.00 X 30.00; Acrylic covered; ",""
"5271","Infused I","Abstract","19910.00","2133.00","77.00","29.00","1","","","Print on PAPER; Image Print Size : 24 X 72; Frame: Dark Wood (1.80inch); Mount: 1.00, Color: OFFWHITE; Total Size: 29.00 X 77.00; Acrylic covered; ",""
"5272","Magnolias","Floral","1290.00","138.00","14.00","18.00","1","","","Print on PAPER; Image Print Size : 12 X 8; Frame: Simple Black (1.22inch); Mount: 2.00, Color: OFFWHITE; Total Size: 18.00 X 14.00; Acrylic covered; ",""
"5273","Hello London","European","2760.00","296.00","13.00","29.00","1","","","Print on PAPER; Image Print Size : 24 X 8; Frame: Dark Wood (1.80inch); Mount: 1.00, Color: OFFWHITE; Total Size: 29.00 X 13.00; Acrylic covered; ",""
"5274","Suns Up","Landscape","880.00","94.00","11.00","18.00","1","","","Print on PAPER; Image Print Size : 12 X 5; Frame: Simple Black (1.22inch); Mount: 2.00, Color: OFFWHITE; Total Size: 18.00 X 11.00; Acrylic covered; ",""
"5275","Birch Grove East","Abstract","7050.00","755.00","29.00","29.00","1","","","Print on PAPER; Image Print Size : 24 X 24; Frame: Dark Wood (1.80inch); Mount: 1.00, Color: OFFWHITE; Total Size: 29.00 X 29.00; Acrylic covered; ",""
"5276","Tuscan Evening","European","2940.00","315.00","26.00","18.00","1","","","Print on PAPER; Image Print Size : 12 X 20; Frame: Simple Black (1.22inch); Mount: 2.00, Color: OFFWHITE; Total Size: 18.00 X 26.00; Acrylic covered; ",""
"5277","Fields Of Lavender","European","5440.00","583.00","23.00","29.00","1","","","Print on PAPER; Image Print Size : 24 X 18; Frame: Dark Wood (1.80inch); Mount: 1.00, Color: OFFWHITE; Total Size: 29.00 X 23.00; Acrylic covered; ",""
"5278","Chianti Dusk","European","1430.00","153.00","15.00","18.00","1","","","Print on PAPER; Image Print Size : 12 X 9; Frame: Simple Black (1.22inch); Mount: 2.00, Color: OFFWHITE; Total Size: 18.00 X 15.00; Acrylic covered; ",""
"5279","Chianti Vineyards","European","5440.00","583.00","23.00","29.00","1","","","Print on PAPER; Image Print Size : 24 X 18; Frame: Dark Wood (1.80inch); Mount: 1.00, Color: OFFWHITE; Total Size: 29.00 X 23.00; Acrylic covered; ",""
"5280","Tuscany Vines","European","1430.00","153.00","15.00","18.00","1","","","Print on PAPER; Image Print Size : 12 X 9; Frame: Simple Black (1.22inch); Mount: 2.00, Color: OFFWHITE; Total Size: 18.00 X 15.00; Acrylic covered; ",""
"5281","Fall Promenade I Crop","Landscape","5710.00","612.00","24.00","29.00","1","","","Print on PAPER; Image Print Size : 24 X 19; Frame: Dark Wood (1.80inch); Mount: 1.00, Color: OFFWHITE; Total Size: 29.00 X 24.00; Acrylic covered; ",""
"5282","And Morning Comes","Landscape","1570.00","168.00","16.00","18.00","1","","","Print on PAPER; Image Print Size : 12 X 10; Frame: Simple Black (1.22inch); Mount: 2.00, Color: OFFWHITE; Total Size: 18.00 X 16.00; Acrylic covered; ",""
"5283","Hot Summer Day I","Landscape","4900.00","525.00","21.00","29.00","1","","","Print on PAPER; Image Print Size : 24 X 16; Frame: Dark Wood (1.80inch); Mount: 1.00, Color: OFFWHITE; Total Size: 29.00 X 21.00; Acrylic covered; ",""
"5284","Across the Tall Grass I","Abstract","1840.00","197.00","18.00","18.00","1","","","Print on PAPER; Image Print Size : 12 X 12; Frame: Simple Black (1.22inch); Mount: 2.00, Color: OFFWHITE; Total Size: 18.00 X 18.00; Acrylic covered; ",""
"5285","Across the Tall Grass II","Abstract","7050.00","755.00","29.00","29.00","1","","","Print on PAPER; Image Print Size : 24 X 24; Frame: Dark Wood (1.80inch); Mount: 1.00, Color: OFFWHITE; Total Size: 29.00 X 29.00; Acrylic covered; ",""
"5286","Open Range I","Abstract","1570.00","168.00","16.00","18.00","1","","","Print on PAPER; Image Print Size : 12 X 10; Frame: Simple Black (1.22inch); Mount: 2.00, Color: OFFWHITE; Total Size: 18.00 X 16.00; Acrylic covered; ",""
"5287","Purple Mountain View II","Landscape","4900.00","525.00","21.00","29.00","1","","","Print on PAPER; Image Print Size : 24 X 16; Frame: Dark Wood (1.80inch); Mount: 1.00, Color: OFFWHITE; Total Size: 29.00 X 21.00; Acrylic covered; ",""
"5288","Warm Morning Light","Landscape","1020.00","109.00","12.00","18.00","1","","","Print on PAPER; Image Print Size : 12 X 6; Frame: Simple Black (1.22inch); Mount: 2.00, Color: OFFWHITE; Total Size: 18.00 X 12.00; Acrylic covered; ",""
"5289","Past Prime","Landscape","3830.00","410.00","17.00","29.00","1","","","Print on PAPER; Image Print Size : 24 X 12; Frame: Dark Wood (1.80inch); Mount: 1.00, Color: OFFWHITE; Total Size: 29.00 X 17.00; Acrylic covered; ",""
"5290","Sunbathed Oak II","Landscape","2390.00","256.00","22.00","18.00","1","","","Print on PAPER; Image Print Size : 12 X 16; Frame: Simple Black (1.22inch); Mount: 2.00, Color: OFFWHITE; Total Size: 18.00 X 22.00; Acrylic covered; ",""
"5291","Coming Home Neutral","Abstract","4900.00","525.00","21.00","29.00","1","","","Print on PAPER; Image Print Size : 24 X 16; Frame: Dark Wood (1.80inch); Mount: 1.00, Color: OFFWHITE; Total Size: 29.00 X 21.00; Acrylic covered; ",""
"5292","Kaleidoscope Bright Blue","Landscape","1290.00","138.00","14.00","18.00","1","","","Print on PAPER; Image Print Size : 12 X 8; Frame: Simple Black (1.22inch); Mount: 2.00, Color: OFFWHITE; Total Size: 18.00 X 14.00; Acrylic covered; ",""
"5293","Easter Kitties I","Animals","7050.00","755.00","29.00","29.00","1","","","Print on PAPER; Image Print Size : 24 X 24; Frame: Dark Wood (1.80inch); Mount: 1.00, Color: OFFWHITE; Total Size: 29.00 X 29.00; Acrylic covered; ",""
"5294","Floral composition on a table","Floral","7050.00","755.00","29.00","29.00","1","","","Print on PAPER; Image Print Size : 24 X 24; Frame: Dark Wood (1.80inch); Mount: 1.00, Color: OFFWHITE; Total Size: 29.00 X 29.00; Acrylic covered; ",""
"5295","Jungle III","Abstract","1840.00","197.00","18.00","18.00","1","","","Print on PAPER; Image Print Size : 12 X 12; Frame: Simple Black (1.22inch); Mount: 2.00, Color: OFFWHITE; Total Size: 18.00 X 18.00; Acrylic covered; ",""
"5296","Jungle IV","Abstract","7050.00","755.00","29.00","29.00","1","","","Print on PAPER; Image Print Size : 24 X 24; Frame: Dark Wood (1.80inch); Mount: 1.00, Color: OFFWHITE; Total Size: 29.00 X 29.00; Acrylic covered; ",""
"5297","Waterlilies: Green Reflections (detail)","European","1840.00","197.00","18.00","18.00","1","","","Print on PAPER; Image Print Size : 12 X 12; Frame: Simple Black (1.22inch); Mount: 2.00, Color: OFFWHITE; Total Size: 18.00 X 18.00; Acrylic covered; ",""
"5298","Floral Fireworks I","Abstract","7050.00","755.00","29.00","29.00","1","","","Print on PAPER; Image Print Size : 24 X 24; Frame: Dark Wood (1.80inch); Mount: 1.00, Color: OFFWHITE; Total Size: 29.00 X 29.00; Acrylic covered; ",""
"5299","Floral Fireworks II","Abstract","1840.00","197.00","18.00","18.00","1","","","Print on PAPER; Image Print Size : 12 X 12; Frame: Simple Black (1.22inch); Mount: 2.00, Color: OFFWHITE; Total Size: 18.00 X 18.00; Acrylic covered; ",""
"5300","Toile Fleurs I","Floral","7050.00","755.00","29.00","29.00","1","","","Print on PAPER; Image Print Size : 24 X 24; Frame: Dark Wood (1.80inch); Mount: 1.00, Color: OFFWHITE; Total Size: 29.00 X 29.00; Acrylic covered; ",""
"5301","Toile Fleurs II","Floral","1840.00","197.00","18.00","18.00","1","","","Print on PAPER; Image Print Size : 12 X 12; Frame: Simple Black (1.22inch); Mount: 2.00, Color: OFFWHITE; Total Size: 18.00 X 18.00; Acrylic covered; ",""
"5302","Margherite in fiore","Floral","7050.00","755.00","29.00","29.00","1","","","Print on PAPER; Image Print Size : 24 X 24; Frame: Dark Wood (1.80inch); Mount: 1.00, Color: OFFWHITE; Total Size: 29.00 X 29.00; Acrylic covered; ",""
"5303","Nel vento I","Floral","1840.00","197.00","18.00","18.00","1","","","Print on PAPER; Image Print Size : 12 X 12; Frame: Simple Black (1.22inch); Mount: 2.00, Color: OFFWHITE; Total Size: 18.00 X 18.00; Acrylic covered; ",""
"5304","Nel vento II","Floral","7050.00","755.00","29.00","29.00","1","","","Print on PAPER; Image Print Size : 24 X 24; Frame: Dark Wood (1.80inch); Mount: 1.00, Color: OFFWHITE; Total Size: 29.00 X 29.00; Acrylic covered; ",""
"5305","Campo fiorito (dettaglio)","Floral","1840.00","197.00","18.00","18.00","1","","","Print on PAPER; Image Print Size : 12 X 12; Frame: Simple Black (1.22inch); Mount: 2.00, Color: OFFWHITE; Total Size: 18.00 X 18.00; Acrylic covered; ",""
"5306","Jungle I","Abstract","3830.00","410.00","17.00","29.00","1","","","Print on PAPER; Image Print Size : 24 X 12; Frame: Dark Wood (1.80inch); Mount: 1.00, Color: OFFWHITE; Total Size: 29.00 X 17.00; Acrylic covered; ",""
"5307","Jungle II","Abstract","1020.00","109.00","12.00","18.00","1","","","Print on PAPER; Image Print Size : 12 X 6; Frame: Simple Black (1.22inch); Mount: 2.00, Color: OFFWHITE; Total Size: 18.00 X 12.00; Acrylic covered; ",""
"5308","Floral Fireworks","Abstract","3830.00","410.00","17.00","29.00","1","","","Print on PAPER; Image Print Size : 24 X 12; Frame: Dark Wood (1.80inch); Mount: 1.00, Color: OFFWHITE; Total Size: 29.00 X 17.00; Acrylic covered; ",""
"5309","Parure","Floral","1020.00","109.00","12.00","18.00","1","","","Print on PAPER; Image Print Size : 12 X 6; Frame: Simple Black (1.22inch); Mount: 2.00, Color: OFFWHITE; Total Size: 18.00 X 12.00; Acrylic covered; ",""
"5310","Parure (Neutral)","Floral","3830.00","410.00","17.00","29.00","1","","","Print on PAPER; Image Print Size : 24 X 12; Frame: Dark Wood (1.80inch); Mount: 1.00, Color: OFFWHITE; Total Size: 29.00 X 17.00; Acrylic covered; ",""
"5311","Toile Fleurs","Floral","1020.00","109.00","12.00","18.00","1","","","Print on PAPER; Image Print Size : 12 X 6; Frame: Simple Black (1.22inch); Mount: 2.00, Color: OFFWHITE; Total Size: 18.00 X 12.00; Acrylic covered; ",""
"5312","Poppies on Gold","Floral","3830.00","410.00","17.00","29.00","1","","","Print on PAPER; Image Print Size : 24 X 12; Frame: Dark Wood (1.80inch); Mount: 1.00, Color: OFFWHITE; Total Size: 29.00 X 17.00; Acrylic covered; ",""
"5313","Poppies in White","Floral","1020.00","109.00","12.00","18.00","1","","","Print on PAPER; Image Print Size : 12 X 6; Frame: Simple Black (1.22inch); Mount: 2.00, Color: OFFWHITE; Total Size: 18.00 X 12.00; Acrylic covered; ",""
"5314","Poppies in Pink","Floral","3830.00","410.00","17.00","29.00","1","","","Print on PAPER; Image Print Size : 24 X 12; Frame: Dark Wood (1.80inch); Mount: 1.00, Color: OFFWHITE; Total Size: 29.00 X 17.00; Acrylic covered; ",""
"5315","Nel vento","Floral","1020.00","109.00","12.00","18.00","1","","","Print on PAPER; Image Print Size : 12 X 6; Frame: Simple Black (1.22inch); Mount: 2.00, Color: OFFWHITE; Total Size: 18.00 X 12.00; Acrylic covered; ",""
"5316","Campo in fiore","Floral","3830.00","410.00","17.00","29.00","1","","","Print on PAPER; Image Print Size : 24 X 12; Frame: Dark Wood (1.80inch); Mount: 1.00, Color: OFFWHITE; Total Size: 29.00 X 17.00; Acrylic covered; ",""
"5317","Vase with Pink Roses I","Floral","510.00","55.00","15.00","18.00","1","","","Print on PAPER; Image Print Size : 12 X 9; Frame: Simple Black (1.22inch); Mount: 2.00, Color: OFFWHITE; Total Size: 18.00 X 15.00; Acrylic covered; ",""
"5318","Vase with Blue Flowers","Floral","1700.00","182.00","22.00","29.00","1","","","Print on PAPER; Image Print Size : 24 X 17; Frame: Dark Wood (1.80inch); Mount: 1.00, Color: OFFWHITE; Total Size: 29.00 X 22.00; Acrylic covered; ",""
"5319","Vase with Yellow Roses I","Floral","510.00","55.00","15.00","18.00","1","","","Print on PAPER; Image Print Size : 12 X 9; Frame: Simple Black (1.22inch); Mount: 2.00, Color: OFFWHITE; Total Size: 18.00 X 15.00; Acrylic covered; ",""
"5320","Vase with White Flowers","Floral","1700.00","182.00","22.00","29.00","1","","","Print on PAPER; Image Print Size : 24 X 17; Frame: Dark Wood (1.80inch); Mount: 1.00, Color: OFFWHITE; Total Size: 29.00 X 22.00; Acrylic covered; ",""
"5321","Vase with White and Pink Flowers","Floral","510.00","55.00","15.00","18.00","1","","","Print on PAPER; Image Print Size : 12 X 9; Frame: Simple Black (1.22inch); Mount: 2.00, Color: OFFWHITE; Total Size: 18.00 X 15.00; Acrylic covered; ",""
"5322","Vase with Pink Roses II","Floral","1700.00","182.00","22.00","29.00","1","","","Print on PAPER; Image Print Size : 24 X 17; Frame: Dark Wood (1.80inch); Mount: 1.00, Color: OFFWHITE; Total Size: 29.00 X 22.00; Acrylic covered; ",""
"5323","Vase with Yellow Roses II","Floral","510.00","55.00","15.00","18.00","1","","","Print on PAPER; Image Print Size : 12 X 9; Frame: Simple Black (1.22inch); Mount: 2.00, Color: OFFWHITE; Total Size: 18.00 X 15.00; Acrylic covered; ",""
"5324","Orchid Vase","Floral","5440.00","583.00","23.00","29.00","1","","","Print on PAPER; Image Print Size : 24 X 18; Frame: Dark Wood (1.80inch); Mount: 1.00, Color: OFFWHITE; Total Size: 29.00 X 23.00; Acrylic covered; ",""
"5325","Vase with Summer Flowers","Floral","1290.00","138.00","14.00","18.00","1","","","Print on PAPER; Image Print Size : 12 X 8; Frame: Simple Black (1.22inch); Mount: 2.00, Color: OFFWHITE; Total Size: 18.00 X 14.00; Acrylic covered; ",""
"5326","Campo fiorito","Floral","5440.00","583.00","23.00","29.00","1","","","Print on PAPER; Image Print Size : 24 X 18; Frame: Dark Wood (1.80inch); Mount: 1.00, Color: OFFWHITE; Total Size: 29.00 X 23.00; Acrylic covered; ",""
"5327","Toile","Floral","740.00","79.00","10.00","18.00","1","","","Print on PAPER; Image Print Size : 12 X 4; Frame: Simple Black (1.22inch); Mount: 2.00, Color: OFFWHITE; Total Size: 18.00 X 10.00; Acrylic covered; ",""
"5328","Blossoming Almond 1","Floral","12140.00","1301.00","48.00","29.00","1","","","Print on PAPER; Image Print Size : 24 X 43; Frame: Dark Wood (1.80inch); Mount: 1.00, Color: OFFWHITE; Total Size: 29.00 X 48.00; Acrylic covered; ",""
"5329","Blossoming Almond 2","Floral","3080.00","330.00","27.00","18.00","1","","","Print on PAPER; Image Print Size : 12 X 21; Frame: Simple Black (1.22inch); Mount: 2.00, Color: OFFWHITE; Total Size: 18.00 X 27.00; Acrylic covered; ",""
"5330","Raindrop Garden","Floral","7050.00","755.00","29.00","29.00","1","","","Print on PAPER; Image Print Size : 24 X 24; Frame: Dark Wood (1.80inch); Mount: 1.00, Color: OFFWHITE; Total Size: 29.00 X 29.00; Acrylic covered; ",""
"5331","Rain Shower Garden","Floral","1840.00","197.00","18.00","18.00","1","","","Print on PAPER; Image Print Size : 12 X 12; Frame: Simple Black (1.22inch); Mount: 2.00, Color: OFFWHITE; Total Size: 18.00 X 18.00; Acrylic covered; ",""
"5332","Rain Y Day Garden","Floral","7050.00","755.00","29.00","29.00","1","","","Print on PAPER; Image Print Size : 24 X 24; Frame: Dark Wood (1.80inch); Mount: 1.00, Color: OFFWHITE; Total Size: 29.00 X 29.00; Acrylic covered; ",""
"5333","Blissful Bloom 1","Floral","1840.00","197.00","18.00","18.00","1","","","Print on PAPER; Image Print Size : 12 X 12; Frame: Simple Black (1.22inch); Mount: 2.00, Color: OFFWHITE; Total Size: 18.00 X 18.00; Acrylic covered; ",""
"5334","Blissful Bloom 2","Floral","7050.00","755.00","29.00","29.00","1","","","Print on PAPER; Image Print Size : 24 X 24; Frame: Dark Wood (1.80inch); Mount: 1.00, Color: OFFWHITE; Total Size: 29.00 X 29.00; Acrylic covered; ",""
"5335","Blissful Bloom 3","Floral","1840.00","197.00","18.00","18.00","1","","","Print on PAPER; Image Print Size : 12 X 12; Frame: Simple Black (1.22inch); Mount: 2.00, Color: OFFWHITE; Total Size: 18.00 X 18.00; Acrylic covered; ",""
"5336","Blooming Cherry Blossoms","Floral","7050.00","755.00","29.00","29.00","1","","","Print on PAPER; Image Print Size : 24 X 24; Frame: Dark Wood (1.80inch); Mount: 1.00, Color: OFFWHITE; Total Size: 29.00 X 29.00; Acrylic covered; ",""
"5337","Jubilant","Floral","1840.00","197.00","18.00","18.00","1","","","Print on PAPER; Image Print Size : 12 X 12; Frame: Simple Black (1.22inch); Mount: 2.00, Color: OFFWHITE; Total Size: 18.00 X 18.00; Acrylic covered; ",""
"5338","Echinopsis Cactus Hybrid - Daydream","Floral","2150.00","230.00","29.00","29.00","1","","","Print on PAPER; Image Print Size : 24 X 24; Frame: Dark Wood (1.80inch); Mount: 1.00, Color: OFFWHITE; Total Size: 29.00 X 29.00; Acrylic covered; ",""
"5339","Dahlia 1","Floral","620.00","66.00","18.00","18.00","1","","","Print on PAPER; Image Print Size : 12 X 12; Frame: Simple Black (1.22inch); Mount: 2.00, Color: OFFWHITE; Total Size: 18.00 X 18.00; Acrylic covered; ",""
"5340","Iceland Poppy","Floral","2150.00","230.00","29.00","29.00","1","","","Print on PAPER; Image Print Size : 24 X 24; Frame: Dark Wood (1.80inch); Mount: 1.00, Color: OFFWHITE; Total Size: 29.00 X 29.00; Acrylic covered; ",""
"5341","Columbine Origami Blue 2","Floral","650.00","70.00","19.00","18.00","1","","","Print on PAPER; Image Print Size : 12 X 13; Frame: Simple Black (1.22inch); Mount: 2.00, Color: OFFWHITE; Total Size: 18.00 X 19.00; Acrylic covered; ",""
"5342","Secret Garden I","Signs","8650.00","927.00","35.00","29.00","1","","","Print on PAPER; Image Print Size : 24 X 30; Frame: Dark Wood (1.80inch); Mount: 1.00, Color: OFFWHITE; Total Size: 29.00 X 35.00; Acrylic covered; ",""
"5360","Purrfect Pillow","Animals","7050.00","755.00","29.00","29.00","1","","","Print on PAPER; Image Print Size : 24 X 24; Frame: Dark Wood (1.80inch); Mount: 1.00, Color: OFFWHITE; Total Size: 29.00 X 29.00; Acrylic covered; ",""
"5343","Tropical Hibiscus ~ Double Orange","Floral","620.00","66.00","18.00","18.00","1","","","Print on PAPER; Image Print Size : 12 X 12; Frame: Simple Black (1.22inch); Mount: 2.00, Color: OFFWHITE; Total Size: 18.00 X 18.00; Acrylic covered; ",""
"5344","Alien Friend #3","Children''s Art","7050.00","755.00","29.00","29.00","1","","","Print on PAPER; Image Print Size : 24 X 24; Frame: Dark Wood (1.80inch); Mount: 1.00, Color: OFFWHITE; Total Size: 29.00 X 29.00; Acrylic covered; ",""
"5345","Alien Friend #4","Children''s Art","1840.00","197.00","18.00","18.00","1","","","Print on PAPER; Image Print Size : 12 X 12; Frame: Simple Black (1.22inch); Mount: 2.00, Color: OFFWHITE; Total Size: 18.00 X 18.00; Acrylic covered; ",""
"5346","For Children IX","Children''s Art","1770.00","190.00","23.00","29.00","1","","","Print on PAPER; Image Print Size : 24 X 18; Frame: Dark Wood (1.80inch); Mount: 1.00, Color: OFFWHITE; Total Size: 29.00 X 23.00; Acrylic covered; ",""
"5347","Happy Dogs","Children''s Art","550.00","59.00","16.00","18.00","1","","","Print on PAPER; Image Print Size : 12 X 10; Frame: Simple Black (1.22inch); Mount: 2.00, Color: OFFWHITE; Total Size: 18.00 X 16.00; Acrylic covered; ",""
"5348","Happy Butterflies","Children''s Art","1830.00","196.00","24.00","29.00","1","","","Print on PAPER; Image Print Size : 24 X 19; Frame: Dark Wood (1.80inch); Mount: 1.00, Color: OFFWHITE; Total Size: 29.00 X 24.00; Acrylic covered; ",""
"5349","Lucky Dinosaur with Babes","Children''s Art","550.00","59.00","16.00","18.00","1","","","Print on PAPER; Image Print Size : 12 X 10; Frame: Simple Black (1.22inch); Mount: 2.00, Color: OFFWHITE; Total Size: 18.00 X 16.00; Acrylic covered; ",""
"5350","Smiling Ducks","Children''s Art","1830.00","196.00","24.00","29.00","1","","","Print on PAPER; Image Print Size : 24 X 19; Frame: Dark Wood (1.80inch); Mount: 1.00, Color: OFFWHITE; Total Size: 29.00 X 24.00; Acrylic covered; ",""
"5351","Happy Dalmatin ","Children''s Art","550.00","59.00","16.00","18.00","1","","","Print on PAPER; Image Print Size : 12 X 10; Frame: Simple Black (1.22inch); Mount: 2.00, Color: OFFWHITE; Total Size: 18.00 X 16.00; Acrylic covered; ",""
"5352","Flowers","Children''s Art","1830.00","196.00","24.00","29.00","1","","","Print on PAPER; Image Print Size : 24 X 19; Frame: Dark Wood (1.80inch); Mount: 1.00, Color: OFFWHITE; Total Size: 29.00 X 24.00; Acrylic covered; ",""
"5353","Winter Animals II","Children''s Art","550.00","59.00","16.00","18.00","1","","","Print on PAPER; Image Print Size : 12 X 10; Frame: Simple Black (1.22inch); Mount: 2.00, Color: OFFWHITE; Total Size: 18.00 X 16.00; Acrylic covered; ",""
"5354","Happy Fishes II","Children''s Art","1830.00","196.00","24.00","29.00","1","","","Print on PAPER; Image Print Size : 24 X 19; Frame: Dark Wood (1.80inch); Mount: 1.00, Color: OFFWHITE; Total Size: 29.00 X 24.00; Acrylic covered; ",""
"5355","Australian Animals","Children''s Art","730.00","78.00","21.00","18.00","1","","","Print on PAPER; Image Print Size : 12 X 15; Frame: Simple Black (1.22inch); Mount: 2.00, Color: OFFWHITE; Total Size: 18.00 X 21.00; Acrylic covered; ",""
"5356","Scotch on the Rocks Please, Chihuauau","Animals","8920.00","956.00","36.00","29.00","1","","","Print on PAPER; Image Print Size : 24 X 31; Frame: Dark Wood (1.80inch); Mount: 1.00, Color: OFFWHITE; Total Size: 29.00 X 36.00; Acrylic covered; ",""
"5357","Mr Fox For President","Animals","2260.00","242.00","21.00","18.00","1","","","Print on PAPER; Image Print Size : 12 X 15; Frame: Simple Black (1.22inch); Mount: 2.00, Color: OFFWHITE; Total Size: 18.00 X 21.00; Acrylic covered; ",""
"5358","Best Friends","Animals","7050.00","755.00","29.00","29.00","1","","","Print on PAPER; Image Print Size : 24 X 24; Frame: Dark Wood (1.80inch); Mount: 1.00, Color: OFFWHITE; Total Size: 29.00 X 29.00; Acrylic covered; ",""
"5359","Kitten and Bunny Cuddles","Animals","1840.00","197.00","18.00","18.00","1","","","Print on PAPER; Image Print Size : 12 X 12; Frame: Simple Black (1.22inch); Mount: 2.00, Color: OFFWHITE; Total Size: 18.00 X 18.00; Acrylic covered; ",""
"5361","Give Me A Chance","Children''s Art","510.00","55.00","15.00","18.00","1","","","Print on PAPER; Image Print Size : 12 X 9; Frame: Simple Black (1.22inch); Mount: 2.00, Color: OFFWHITE; Total Size: 18.00 X 15.00; Acrylic covered; ",""
"5362","Little Boy Blue","Children''s Art","2660.00","285.00","37.00","29.00","1","","","Print on PAPER; Image Print Size : 24 X 32; Frame: Dark Wood (1.80inch); Mount: 1.00, Color: OFFWHITE; Total Size: 29.00 X 37.00; Acrylic covered; ",""
"5363","Morning Chores","Children''s Art","730.00","78.00","21.00","18.00","1","","","Print on PAPER; Image Print Size : 12 X 15; Frame: Simple Black (1.22inch); Mount: 2.00, Color: OFFWHITE; Total Size: 18.00 X 21.00; Acrylic covered; ",""
"5364","Red Boots and Puppies","Children''s Art","1640.00","176.00","21.00","29.00","1","","","Print on PAPER; Image Print Size : 24 X 16; Frame: Dark Wood (1.80inch); Mount: 1.00, Color: OFFWHITE; Total Size: 29.00 X 21.00; Acrylic covered; ",""
"5365","An Apple A Day","Children''s Art","550.00","59.00","16.00","18.00","1","","","Print on PAPER; Image Print Size : 12 X 10; Frame: Simple Black (1.22inch); Mount: 2.00, Color: OFFWHITE; Total Size: 18.00 X 16.00; Acrylic covered; ",""
"5366","Puppy Love","Children''s Art","1830.00","196.00","24.00","29.00","1","","","Print on PAPER; Image Print Size : 24 X 19; Frame: Dark Wood (1.80inch); Mount: 1.00, Color: OFFWHITE; Total Size: 29.00 X 24.00; Acrylic covered; ",""
"5367","Baby Blues","Children''s Art","730.00","78.00","21.00","18.00","1","","","Print on PAPER; Image Print Size : 12 X 15; Frame: Simple Black (1.22inch); Mount: 2.00, Color: OFFWHITE; Total Size: 18.00 X 21.00; Acrylic covered; ",""
"5368","Whoop","Children''s Art","2660.00","285.00","37.00","29.00","1","","","Print on PAPER; Image Print Size : 24 X 32; Frame: Dark Wood (1.80inch); Mount: 1.00, Color: OFFWHITE; Total Size: 29.00 X 37.00; Acrylic covered; ",""
"5369","Ravishing Raccoon","Animals","1840.00","197.00","18.00","18.00","1","","","Print on PAPER; Image Print Size : 12 X 12; Frame: Simple Black (1.22inch); Mount: 2.00, Color: OFFWHITE; Total Size: 18.00 X 18.00; Acrylic covered; ",""
"5370","Lab Happy!","Animals","7050.00","755.00","29.00","29.00","1","","","Print on PAPER; Image Print Size : 24 X 24; Frame: Dark Wood (1.80inch); Mount: 1.00, Color: OFFWHITE; Total Size: 29.00 X 29.00; Acrylic covered; ",""
"5371","Barks and Butterfly","Animals","1840.00","197.00","18.00","18.00","1","","","Print on PAPER; Image Print Size : 12 X 12; Frame: Simple Black (1.22inch); Mount: 2.00, Color: OFFWHITE; Total Size: 18.00 X 18.00; Acrylic covered; ",""
"5372","French Bulldog in a Red Sweater","Animals","7050.00","755.00","29.00","29.00","1","","","Print on PAPER; Image Print Size : 24 X 24; Frame: Dark Wood (1.80inch); Mount: 1.00, Color: OFFWHITE; Total Size: 29.00 X 29.00; Acrylic covered; ",""
"5373","Dachshund With Fashion Glasses","Animals","1840.00","197.00","18.00","18.00","1","","","Print on PAPER; Image Print Size : 12 X 12; Frame: Simple Black (1.22inch); Mount: 2.00, Color: OFFWHITE; Total Size: 18.00 X 18.00; Acrylic covered; ",""
"5374","Dog with a wreath of colorful blossoms I","Animals","7050.00","755.00","29.00","29.00","1","","","Print on PAPER; Image Print Size : 24 X 24; Frame: Dark Wood (1.80inch); Mount: 1.00, Color: OFFWHITE; Total Size: 29.00 X 29.00; Acrylic covered; ",""
"5375","Taking Ten","Children''s Art","510.00","55.00","15.00","18.00","1","","","Print on PAPER; Image Print Size : 12 X 9; Frame: Simple Black (1.22inch); Mount: 2.00, Color: OFFWHITE; Total Size: 18.00 X 15.00; Acrylic covered; ",""
"5376","Country Girl","Children''s Art","2530.00","271.00","35.00","29.00","1","","","Print on PAPER; Image Print Size : 24 X 30; Frame: Dark Wood (1.80inch); Mount: 1.00, Color: OFFWHITE; Total Size: 29.00 X 35.00; Acrylic covered; ",""
"5442","Arab Hunter","Museum","7580.00","812.00","31.00","29.00","1","","","Print on PAPER; Image Print Size : 24 X 26; Frame: Dark Wood (1.80inch); Mount: 1.00, Color: OFFWHITE; Total Size: 29.00 X 31.00; Acrylic covered; ",""
"5377","The First Kiss","Children''s Art","510.00","55.00","15.00","18.00","1","","","Print on PAPER; Image Print Size : 12 X 9; Frame: Simple Black (1.22inch); Mount: 2.00, Color: OFFWHITE; Total Size: 18.00 X 15.00; Acrylic covered; ",""
"5378","Flowers For The Lady","Children''s Art","2530.00","271.00","35.00","29.00","1","","","Print on PAPER; Image Print Size : 24 X 30; Frame: Dark Wood (1.80inch); Mount: 1.00, Color: OFFWHITE; Total Size: 29.00 X 35.00; Acrylic covered; ",""
"5379","Getting To Know You","Children''s Art","510.00","55.00","15.00","18.00","1","","","Print on PAPER; Image Print Size : 12 X 9; Frame: Simple Black (1.22inch); Mount: 2.00, Color: OFFWHITE; Total Size: 18.00 X 15.00; Acrylic covered; ",""
"5380","Got Some Growing To Do","Children''s Art","2660.00","285.00","37.00","29.00","1","","","Print on PAPER; Image Print Size : 24 X 32; Frame: Dark Wood (1.80inch); Mount: 1.00, Color: OFFWHITE; Total Size: 29.00 X 37.00; Acrylic covered; ",""
"5381","Happy Hour","Children''s Art","620.00","66.00","18.00","18.00","1","","","Print on PAPER; Image Print Size : 12 X 12; Frame: Simple Black (1.22inch); Mount: 2.00, Color: OFFWHITE; Total Size: 18.00 X 18.00; Acrylic covered; ",""
"5382","Play Time","Children''s Art","2660.00","285.00","37.00","29.00","1","","","Print on PAPER; Image Print Size : 24 X 32; Frame: Dark Wood (1.80inch); Mount: 1.00, Color: OFFWHITE; Total Size: 29.00 X 37.00; Acrylic covered; ",""
"5383","First Peep","Children''s Art","1570.00","168.00","16.00","18.00","1","","","Print on PAPER; Image Print Size : 12 X 10; Frame: Simple Black (1.22inch); Mount: 2.00, Color: OFFWHITE; Total Size: 18.00 X 16.00; Acrylic covered; ",""
"5384","Leap Frog Fun","Children''s Art","5710.00","612.00","24.00","29.00","1","","","Print on PAPER; Image Print Size : 24 X 19; Frame: Dark Wood (1.80inch); Mount: 1.00, Color: OFFWHITE; Total Size: 29.00 X 24.00; Acrylic covered; ",""
"5385","Story Time","Children''s Art","2260.00","242.00","21.00","18.00","1","","","Print on PAPER; Image Print Size : 12 X 15; Frame: Simple Black (1.22inch); Mount: 2.00, Color: OFFWHITE; Total Size: 18.00 X 21.00; Acrylic covered; ",""
"5386","Carnival","Children''s Art","8650.00","927.00","35.00","29.00","1","","","Print on PAPER; Image Print Size : 24 X 30; Frame: Dark Wood (1.80inch); Mount: 1.00, Color: OFFWHITE; Total Size: 29.00 X 35.00; Acrylic covered; ",""
"5387","Elegant Beauty","Children''s Art","2260.00","242.00","21.00","18.00","1","","","Print on PAPER; Image Print Size : 12 X 15; Frame: Simple Black (1.22inch); Mount: 2.00, Color: OFFWHITE; Total Size: 18.00 X 21.00; Acrylic covered; ",""
"5388","Hanging Around","Children''s Art","8650.00","927.00","35.00","29.00","1","","","Print on PAPER; Image Print Size : 24 X 30; Frame: Dark Wood (1.80inch); Mount: 1.00, Color: OFFWHITE; Total Size: 29.00 X 35.00; Acrylic covered; ",""
"5389","Over the Rainbow","Children''s Art","2260.00","242.00","21.00","18.00","1","","","Print on PAPER; Image Print Size : 12 X 15; Frame: Simple Black (1.22inch); Mount: 2.00, Color: OFFWHITE; Total Size: 18.00 X 21.00; Acrylic covered; ",""
"5390","Patterns of the Savanna I","Abstract","7050.00","755.00","29.00","29.00","1","","","Print on PAPER; Image Print Size : 24 X 24; Frame: Dark Wood (1.80inch); Mount: 1.00, Color: OFFWHITE; Total Size: 29.00 X 29.00; Acrylic covered; ",""
"5391","Free Spirit III","Floral","2260.00","242.00","21.00","18.00","1","","","Print on PAPER; Image Print Size : 12 X 15; Frame: Simple Black (1.22inch); Mount: 2.00, Color: OFFWHITE; Total Size: 18.00 X 21.00; Acrylic covered; ",""
"5392","Autumn Forest I","Landscape","7050.00","755.00","29.00","29.00","1","","","Print on PAPER; Image Print Size : 24 X 24; Frame: Dark Wood (1.80inch); Mount: 1.00, Color: OFFWHITE; Total Size: 29.00 X 29.00; Acrylic covered; ",""
"5393","Elephant WOW","Animals","1840.00","197.00","18.00","18.00","1","","","Print on PAPER; Image Print Size : 12 X 12; Frame: Simple Black (1.22inch); Mount: 2.00, Color: OFFWHITE; Total Size: 18.00 X 18.00; Acrylic covered; ",""
"5394","The South Ledges, Appledore ","Coastal","7050.00","755.00","29.00","29.00","1","","","Print on PAPER; Image Print Size : 24 X 24; Frame: Dark Wood (1.80inch); Mount: 1.00, Color: OFFWHITE; Total Size: 29.00 X 29.00; Acrylic covered; ",""
"5395","Improvisation Klamm","Abstract","1840.00","197.00","18.00","18.00","1","","","Print on PAPER; Image Print Size : 12 X 12; Frame: Simple Black (1.22inch); Mount: 2.00, Color: OFFWHITE; Total Size: 18.00 X 18.00; Acrylic covered; ",""
"5396","Picture with Three Spot","Abstract","7050.00","755.00","29.00","29.00","1","","","Print on PAPER; Image Print Size : 24 X 24; Frame: Dark Wood (1.80inch); Mount: 1.00, Color: OFFWHITE; Total Size: 29.00 X 29.00; Acrylic covered; ",""
"5397","Lodge on Lake Como ","European","1020.00","109.00","12.00","18.00","1","","","Print on PAPER; Image Print Size : 12 X 6; Frame: Simple Black (1.22inch); Mount: 2.00, Color: OFFWHITE; Total Size: 18.00 X 12.00; Acrylic covered; ",""
"5398","Niagara","Landscape","3830.00","410.00","17.00","29.00","1","","","Print on PAPER; Image Print Size : 24 X 12; Frame: Dark Wood (1.80inch); Mount: 1.00, Color: OFFWHITE; Total Size: 29.00 X 17.00; Acrylic covered; ",""
"5399","Water Lilies","European","1020.00","109.00","12.00","18.00","1","","","Print on PAPER; Image Print Size : 12 X 6; Frame: Simple Black (1.22inch); Mount: 2.00, Color: OFFWHITE; Total Size: 18.00 X 12.00; Acrylic covered; ",""
"5400","Water Lilies","European","3830.00","410.00","17.00","29.00","1","","","Print on PAPER; Image Print Size : 24 X 12; Frame: Dark Wood (1.80inch); Mount: 1.00, Color: OFFWHITE; Total Size: 29.00 X 17.00; Acrylic covered; ",""
"5401","The Young Flautist","Children''s Art","3490.00","374.00","30.00","18.00","1","","","Print on PAPER; Image Print Size : 12 X 24; Frame: Simple Black (1.22inch); Mount: 2.00, Color: OFFWHITE; Total Size: 18.00 X 30.00; Acrylic covered; ",""
"5402","The Kiss, detail (Blue variation)","Figurative","3830.00","410.00","17.00","29.00","1","","","Print on PAPER; Image Print Size : 24 X 12; Frame: Dark Wood (1.80inch); Mount: 1.00, Color: OFFWHITE; Total Size: 29.00 X 17.00; Acrylic covered; ",""
"5403","The Kiss, detail (Grey variation)","Figurative","1020.00","109.00","12.00","18.00","1","","","Print on PAPER; Image Print Size : 12 X 6; Frame: Simple Black (1.22inch); Mount: 2.00, Color: OFFWHITE; Total Size: 18.00 X 12.00; Acrylic covered; ",""
"5404","The Kiss, detail (Red variation)","Figurative","3830.00","410.00","17.00","29.00","1","","","Print on PAPER; Image Print Size : 24 X 12; Frame: Dark Wood (1.80inch); Mount: 1.00, Color: OFFWHITE; Total Size: 29.00 X 17.00; Acrylic covered; ",""
"5405","The Kiss (Red variation)","Figurative","3490.00","374.00","30.00","18.00","1","","","Print on PAPER; Image Print Size : 12 X 24; Frame: Simple Black (1.22inch); Mount: 2.00, Color: OFFWHITE; Total Size: 18.00 X 30.00; Acrylic covered; ",""
"5406","Garden, Isle of Shoals, Maine","Coastal","5440.00","583.00","23.00","29.00","1","","","Print on PAPER; Image Print Size : 24 X 18; Frame: Dark Wood (1.80inch); Mount: 1.00, Color: OFFWHITE; Total Size: 29.00 X 23.00; Acrylic covered; ",""
"5407","The Water Garden","Floral","1430.00","153.00","15.00","18.00","1","","","Print on PAPER; Image Print Size : 12 X 9; Frame: Simple Black (1.22inch); Mount: 2.00, Color: OFFWHITE; Total Size: 18.00 X 15.00; Acrylic covered; ",""
"5408","Cupid and Psyche","European","9190.00","985.00","37.00","29.00","1","","","Print on PAPER; Image Print Size : 24 X 32; Frame: Dark Wood (1.80inch); Mount: 1.00, Color: OFFWHITE; Total Size: 29.00 X 37.00; Acrylic covered; ",""
"5409","Still Life with Tulips","Floral","2390.00","256.00","22.00","18.00","1","","","Print on PAPER; Image Print Size : 12 X 16; Frame: Simple Black (1.22inch); Mount: 2.00, Color: OFFWHITE; Total Size: 18.00 X 22.00; Acrylic covered; ",""
"5410","Still Life with Iris","Floral","9190.00","985.00","37.00","29.00","1","","","Print on PAPER; Image Print Size : 24 X 32; Frame: Dark Wood (1.80inch); Mount: 1.00, Color: OFFWHITE; Total Size: 29.00 X 37.00; Acrylic covered; ",""
"5411","Still Life with Flowers and Fruit","Floral","2390.00","256.00","22.00","18.00","1","","","Print on PAPER; Image Print Size : 12 X 16; Frame: Simple Black (1.22inch); Mount: 2.00, Color: OFFWHITE; Total Size: 18.00 X 22.00; Acrylic covered; ",""
"5412","Still Life with Musical Instruments, Books and Sculpture","Still-Life","5440.00","583.00","23.00","29.00","1","","","Print on PAPER; Image Print Size : 24 X 18; Frame: Dark Wood (1.80inch); Mount: 1.00, Color: OFFWHITE; Total Size: 29.00 X 23.00; Acrylic covered; ",""
"5413","A Summer Morning","Figurative","1430.00","153.00","15.00","18.00","1","","","Print on PAPER; Image Print Size : 12 X 9; Frame: Simple Black (1.22inch); Mount: 2.00, Color: OFFWHITE; Total Size: 18.00 X 15.00; Acrylic covered; ",""
"5414","Jeune fille rousse en robe de soir (detail)","European","9190.00","985.00","37.00","29.00","1","","","Print on PAPER; Image Print Size : 24 X 32; Frame: Dark Wood (1.80inch); Mount: 1.00, Color: OFFWHITE; Total Size: 29.00 X 37.00; Acrylic covered; ",""
"5415","Seated Female Nude","European","2530.00","271.00","23.00","18.00","1","","","Print on PAPER; Image Print Size : 12 X 17; Frame: Simple Black (1.22inch); Mount: 2.00, Color: OFFWHITE; Total Size: 18.00 X 23.00; Acrylic covered; ",""
"5416","Water Lilies","European","5170.00","554.00","22.00","29.00","1","","","Print on PAPER; Image Print Size : 24 X 17; Frame: Dark Wood (1.80inch); Mount: 1.00, Color: OFFWHITE; Total Size: 29.00 X 22.00; Acrylic covered; ",""
"5417"," The Willows","European","1430.00","153.00","15.00","18.00","1","","","Print on PAPER; Image Print Size : 12 X 9; Frame: Simple Black (1.22inch); Mount: 2.00, Color: OFFWHITE; Total Size: 18.00 X 15.00; Acrylic covered; ",""
"5418","The Artists Garden in Argenteuil","European","5440.00","583.00","23.00","29.00","1","","","Print on PAPER; Image Print Size : 24 X 18; Frame: Dark Wood (1.80inch); Mount: 1.00, Color: OFFWHITE; Total Size: 29.00 X 23.00; Acrylic covered; ",""
"5419","Vase with Summer Flowers","Floral","1290.00","138.00","14.00","18.00","1","","","Print on PAPER; Image Print Size : 12 X 8; Frame: Simple Black (1.22inch); Mount: 2.00, Color: OFFWHITE; Total Size: 18.00 X 14.00; Acrylic covered; ",""
"5420","Japanese Beauties, 1776 ","Figurative","5440.00","583.00","23.00","29.00","1","","","Print on PAPER; Image Print Size : 24 X 18; Frame: Dark Wood (1.80inch); Mount: 1.00, Color: OFFWHITE; Total Size: 29.00 X 23.00; Acrylic covered; ",""
"5421","Recovering a jewel from the palace of the dragon king I","Animals","2390.00","256.00","22.00","18.00","1","","","Print on PAPER; Image Print Size : 12 X 16; Frame: Simple Black (1.22inch); Mount: 2.00, Color: OFFWHITE; Total Size: 18.00 X 22.00; Acrylic covered; ",""
"5422","Recovering a jewel from the palace of the dragon king II","Animals","9190.00","985.00","37.00","29.00","1","","","Print on PAPER; Image Print Size : 24 X 32; Frame: Dark Wood (1.80inch); Mount: 1.00, Color: OFFWHITE; Total Size: 29.00 X 37.00; Acrylic covered; ",""
"5423","Recovering a jewel from the palace of the dragon king III","Animals","2390.00","256.00","22.00","18.00","1","","","Print on PAPER; Image Print Size : 12 X 16; Frame: Simple Black (1.22inch); Mount: 2.00, Color: OFFWHITE; Total Size: 18.00 X 22.00; Acrylic covered; ",""
"5424","Leda and the Swan ","European","9190.00","985.00","37.00","29.00","1","","","Print on PAPER; Image Print Size : 24 X 32; Frame: Dark Wood (1.80inch); Mount: 1.00, Color: OFFWHITE; Total Size: 29.00 X 37.00; Acrylic covered; ",""
"5425","Vergine delle Rocce","Figurative","2530.00","271.00","23.00","18.00","1","","","Print on PAPER; Image Print Size : 12 X 17; Frame: Simple Black (1.22inch); Mount: 2.00, Color: OFFWHITE; Total Size: 18.00 X 23.00; Acrylic covered; ",""
"5426","Madonna del cardellino","Figurative","9730.00","1042.00","39.00","29.00","1","","","Print on PAPER; Image Print Size : 24 X 34; Frame: Dark Wood (1.80inch); Mount: 1.00, Color: OFFWHITE; Total Size: 29.00 X 39.00; Acrylic covered; ",""
"5427","Green Wheat Fields, Auvers","Landscape","1430.00","153.00","15.00","18.00","1","","","Print on PAPER; Image Print Size : 12 X 9; Frame: Simple Black (1.22inch); Mount: 2.00, Color: OFFWHITE; Total Size: 18.00 X 15.00; Acrylic covered; ",""
"5428","Flower Beds in Holland","Landscape","5440.00","583.00","23.00","29.00","1","","","Print on PAPER; Image Print Size : 24 X 18; Frame: Dark Wood (1.80inch); Mount: 1.00, Color: OFFWHITE; Total Size: 29.00 X 23.00; Acrylic covered; ",""
"5429","Noeud rouge","Abstract","1430.00","153.00","15.00","18.00","1","","","Print on PAPER; Image Print Size : 12 X 9; Frame: Simple Black (1.22inch); Mount: 2.00, Color: OFFWHITE; Total Size: 18.00 X 15.00; Acrylic covered; ",""
"5430","Trente","Abstract","5440.00","583.00","23.00","29.00","1","","","Print on PAPER; Image Print Size : 24 X 18; Frame: Dark Wood (1.80inch); Mount: 1.00, Color: OFFWHITE; Total Size: 29.00 X 23.00; Acrylic covered; ",""
"5431","Komposition VII ","Abstract","1430.00","153.00","15.00","18.00","1","","","Print on PAPER; Image Print Size : 12 X 9; Frame: Simple Black (1.22inch); Mount: 2.00, Color: OFFWHITE; Total Size: 18.00 X 15.00; Acrylic covered; ",""
"5432","A Center (detail)","Abstract","5440.00","583.00","23.00","29.00","1","","","Print on PAPER; Image Print Size : 24 X 18; Frame: Dark Wood (1.80inch); Mount: 1.00, Color: OFFWHITE; Total Size: 29.00 X 23.00; Acrylic covered; ",""
"5433","Rain, Steam and Speed, The Great Western Railway","European","1430.00","153.00","15.00","18.00","1","","","Print on PAPER; Image Print Size : 12 X 9; Frame: Simple Black (1.22inch); Mount: 2.00, Color: OFFWHITE; Total Size: 18.00 X 15.00; Acrylic covered; ",""
"5434","The Fighting Temeraire","Coastal","5440.00","583.00","23.00","29.00","1","","","Print on PAPER; Image Print Size : 24 X 18; Frame: Dark Wood (1.80inch); Mount: 1.00, Color: OFFWHITE; Total Size: 29.00 X 23.00; Acrylic covered; ",""
"5435","Ulysses deriding Polyphemus","Museum","1430.00","153.00","15.00","18.00","1","","","Print on PAPER; Image Print Size : 12 X 9; Frame: Simple Black (1.22inch); Mount: 2.00, Color: OFFWHITE; Total Size: 18.00 X 15.00; Acrylic covered; ",""
"5436","Woman and Tree I (Neutral)","Figurative","33850.00","3627.00","129.00","29.00","1","","","Print on PAPER; Image Print Size : 24 X 124; Frame: Dark Wood (1.80inch); Mount: 1.00, Color: OFFWHITE; Total Size: 29.00 X 129.00; Acrylic covered; ",""
"5437","Woman and Tree II (Neutral)","Figurative","8710.00","933.00","68.00","18.00","1","","","Print on PAPER; Image Print Size : 12 X 62; Frame: Simple Black (1.22inch); Mount: 2.00, Color: OFFWHITE; Total Size: 18.00 X 68.00; Acrylic covered; ",""
"5438","Woman and Tree I (Red)","Figurative","33850.00","3627.00","129.00","29.00","1","","","Print on PAPER; Image Print Size : 24 X 124; Frame: Dark Wood (1.80inch); Mount: 1.00, Color: OFFWHITE; Total Size: 29.00 X 129.00; Acrylic covered; ",""
"5439","Woman and Tree II (Red)","Figurative","8710.00","933.00","68.00","18.00","1","","","Print on PAPER; Image Print Size : 12 X 62; Frame: Simple Black (1.22inch); Mount: 2.00, Color: OFFWHITE; Total Size: 18.00 X 68.00; Acrylic covered; ",""
"5440","Leaving the Bath (Le Sortie du Bain)","Museum","5710.00","612.00","24.00","29.00","1","","","Print on PAPER; Image Print Size : 24 X 19; Frame: Dark Wood (1.80inch); Mount: 1.00, Color: OFFWHITE; Total Size: 29.00 X 24.00; Acrylic covered; ",""
"5441","Portrait of Eugene Manet","Museum","1570.00","168.00","16.00","18.00","1","","","Print on PAPER; Image Print Size : 12 X 10; Frame: Simple Black (1.22inch); Mount: 2.00, Color: OFFWHITE; Total Size: 18.00 X 16.00; Acrylic covered; ",""
"5443","The Death of Sardanapalus","Museum","1570.00","168.00","16.00","18.00","1","","","Print on PAPER; Image Print Size : 12 X 10; Frame: Simple Black (1.22inch); Mount: 2.00, Color: OFFWHITE; Total Size: 18.00 X 16.00; Acrylic covered; ",""
